2478140,cn-(2015)沪知民初字1号_Hearing_IS
2561813,cn-(2015)沪知民初字第113号_Hearing_IS
3550343,cn-(2015)沪知民初字第113号
2561814,cn-(2015)沪知民初字第23号_Hearing_IS
3208156,cn-(2015)沪知民初字第23号
2561815,cn-(2015)沪知民初字第77号_Hearing_IS
2561816,cn-(2015)沪知民终字第12号_Hearing_IS
2561817,cn-(2015)沪知民终字第29号_Hearing_IS
3017629,cn-(2015)沪知民终字第29号
2561818,cn-(2015)沪知民终字第4号_Hearing_IS
2561819,cn-(2015)沪知民终字第5号_Hearing_IS
4692128,cn-(2015)沪知民终字第5号
2561820,cn-(2015)沪知民终字第71号_Hearing_IS
3208157,cn-(2015)沪知民终字第71号
2639688,cn-(2015)沪知民初字第100号_Hearing_IS
3192107,cn-(2015)沪知民初字第100号
2639689,cn-(2015)沪知民初字第102号_Hearing_IS
3190448,cn-(2015)沪知民初字第102号
2639690,cn-(2015)沪知民初字第103号_Hearing_IS
2639691,cn-(2015)沪知民初字第106号_Hearing_IS
2639692,cn-(2015)沪知民初字第107号_Hearing_IS
2639693,cn-(2015)沪知民初字第108号_Hearing_IS
3017542,cn-(2015)沪知民初字第108号
2639694,cn-(2015)沪知民初字第109号_Hearing_IS
3247380,cn-(2015)沪知民初字第109号
2639695,cn-(2015)沪知民初字第10号_Hearing_IS
3098945,cn-(2015)沪知民初字第10号
2639696,cn-(2015)沪知民初字第111号_Hearing_IS
3017545,cn-(2015)沪知民初字第111号
2639697,cn-(2015)沪知民初字第114号_Hearing_IS
3615763,cn-(2015)沪知民初字第114号
2639698,cn-(2015)沪知民初字第115号_Hearing_IS
3615764,cn-(2015)沪知民初字第115号
2639699,cn-(2015)沪知民初字第116号_Hearing_IS
3700020,cn-(2015)沪知民初字第116号
2639700,cn-(2015)沪知民初字第117号_Hearing_IS
2639701,cn-(2015)沪知民初字第118号_Hearing_IS
3615765,cn-(2015)沪知民初字第118号
2639702,cn-(2015)沪知民初字第119号_Hearing_IS
3591601,cn-(2015)沪知民初字第119号
2639703,cn-(2015)沪知民初字第11号_Hearing_IS
3151461,cn-(2015)沪知民初字第11号
2639704,cn-(2015)沪知民初字第120号_Hearing_IS
3615766,cn-(2015)沪知民初字第120号
2639705,cn-(2015)沪知民初字第121号_Hearing_IS
3094777,cn-(2015)沪知民初字第121号
2639706,cn-(2015)沪知民初字第122号_Hearing_IS
3017546,cn-(2015)沪知民初字第122号
2639707,cn-(2015)沪知民初字第123号_Hearing_IS
3017547,cn-(2015)沪知民初字第123号
2639708,cn-(2015)沪知民初字第12号_Hearing_IS
3098949,cn-(2015)沪知民初字第12号
2639709,cn-(2015)沪知民初字第136号_Hearing_IS
3017549,cn-(2015)沪知民初字第136号
2639710,cn-(2015)沪知民初字第138号_Hearing_IS
3017550,cn-(2015)沪知民初字第138号
2639711,cn-(2015)沪知民初字第157号_Hearing_IS
3615767,cn-(2015)沪知民初字第157号
2639712,cn-(2015)沪知民初字第167号_Hearing_IS
3192108,cn-(2015)沪知民初字第167号
2639713,cn-(2015)沪知民初字第178号_Hearing_IS
3928805,cn-(2015)沪知民初字第178号
2639714,cn-(2015)沪知民初字第19号_Hearing_IS
3549803,cn-(2015)沪知民初字第19号
2639715,cn-(2015)沪知民初字第204号_Hearing_IS
2639716,cn-(2015)沪知民初字第209号_Hearing_IS
2639717,cn-(2015)沪知民初字第210号_Hearing_IS
2639718,cn-(2015)沪知民初字第211号_Hearing_IS
3710966,cn-(2015)沪知民初字第211号
2639719,cn-(2015)沪知民初字第212号_Hearing_IS
3151463,cn-(2015)沪知民初字第212号
2639720,cn-(2015)沪知民初字第213号_Hearing_IS
3627731,cn-(2015)沪知民初字第213号
2639721,cn-(2015)沪知民初字第214号_Hearing_IS
2639722,cn-(2015)沪知民初字第217号_Hearing_IS
3512000,cn-(2015)沪知民初字第217号
2639723,cn-(2015)沪知民初字第221号_Hearing_IS
3017560,cn-(2015)沪知民初字第221号
2639724,cn-(2015)沪知民初字第222号_Hearing_IS
3192109,cn-(2015)沪知民初字第222号
2639725,cn-(2015)沪知民初字第230号_Hearing_IS
3510461,cn-(2015)沪知民初字第230号
2639726,cn-(2015)沪知民初字第232号_Hearing_IS
3700021,cn-(2015)沪知民初字第232号
2639727,cn-(2015)沪知民初字第237号_Hearing_IS
3151464,cn-(2015)沪知民初字第237号
2639728,cn-(2015)沪知民初字第24号_Hearing_IS
3017563,cn-(2015)沪知民初字第24号
2639729,cn-(2015)沪知民初字第25号_Hearing_IS
3017566,cn-(2015)沪知民初字第25号
2639730,cn-(2015)沪知民初字第27号_Hearing_IS
3615771,cn-(2015)沪知民初字第27号
2639731,cn-(2015)沪知民初字第28号_Hearing_IS
3017571,cn-(2015)沪知民初字第28号
2639732,cn-(2015)沪知民初字第45号_Hearing_IS
3151465,cn-(2015)沪知民初字第45号
2639733,cn-(2015)沪知民初字第47号_Hearing_IS
3017586,cn-(2015)沪知民初字第47号
2639734,cn-(2015)沪知民初字第49号_Hearing_IS
3510464,cn-(2015)沪知民初字第49号
2639735,cn-(2015)沪知民初字第50号_Hearing_IS
3017587,cn-(2015)沪知民初字第50号
2639736,cn-(2015)沪知民初字第51号_Hearing_IS
3247381,cn-(2015)沪知民初字第51号
2639737,cn-(2015)沪知民初字第52号_Hearing_IS
3098966,cn-(2015)沪知民初字第52号
2639738,cn-(2015)沪知民初字第53号_Hearing_IS
3098967,cn-(2015)沪知民初字第53号
2639739,cn-(2015)沪知民初字第54号_Hearing_IS
3017589,cn-(2015)沪知民初字第54号
2639740,cn-(2015)沪知民初字第59号_Hearing_IS
3017591,cn-(2015)沪知民初字第59号
2639741,cn-(2015)沪知民初字第5号_Hearing_IS
2639742,cn-(2015)沪知民初字第71号_Hearing_IS
2639743,cn-(2015)沪知民初字第7号_Hearing_IS
3151468,cn-(2015)沪知民初字第7号
2639744,cn-(2015)沪知民初字第81号_Hearing_IS
3549805,cn-(2015)沪知民初字第81号
2639745,cn-(2015)沪知民初字第85号_Hearing_IS
2639746,cn-(2015)沪知民初字第8号_Hearing_IS
3151469,cn-(2015)沪知民初字第8号
2639747,cn-(2015)沪知民初字第93号_Hearing_IS
3192112,cn-(2015)沪知民初字第93号
2639748,cn-(2015)沪知民初字第94号_Hearing_IS
3017594,cn-(2015)沪知民初字第94号
2639749,cn-(2015)沪知民初字第9号_Hearing_IS
3151470,cn-(2015)沪知民初字第9号
2639750,cn-(2015)沪知民终字第116号_Hearing_IS
3215232,cn-(2015)沪知民终字第116号
2639751,cn-(2015)沪知民终字第155号_Hearing_IS
3215234,cn-(2015)沪知民终字第155号
2639752,cn-(2015)沪知民终字第158号_Hearing_IS
2639753,cn-(2015)沪知民终字第159号_Hearing_IS
3247382,cn-(2015)沪知民终字第159号
2639754,cn-(2015)沪知民终字第174号_Hearing_IS
2639755,cn-(2015)沪知民终字第19号_Hearing_IS
2639756,cn-(2015)沪知民终字第57号_Hearing_IS
3215237,cn-(2015)沪知民终字第57号
2639757,cn-(2015)沪知民终字第67号_Hearing_IS
3129815,cn-(2015)沪知民终字第67号
2639758,cn-(2015)沪知民终字第80号_Hearing_IS
3208158,cn-(2015)沪知民终字第80号
2639759,cn-(2015)沪知民终字第82号_Hearing_IS
2639760,cn-(2015)沪知民终字第91号_Hearing_IS
3296685,cn-(2015)沪知民终字第91号
2639761,cn-(2015)沪知民终字第93号_Hearing_IS
3280994,cn-(2015)沪知民终字第93号
2639762,cn-(2015)沪知民初字第46号_Hearing_IS
2639763,cn-(2015)沪知民初字第4号_Hearing_IS
2672954,cn-(2015)沪知民初字第282号_Hearing_IS
2672955,cn-(2015)沪知民初字第283号_Hearing_IS
3615772,cn-(2015)沪知民初字第283号
2672956,cn-(2015)沪知民初字第285号_Hearing_IS
3017567,cn-(2015)沪知民初字第285号
2672957,cn-(2015)沪知民初字第286号_Hearing_IS
3615773,cn-(2015)沪知民初字第286号
2672958,cn-(2015)沪知民初字第287号_Hearing_IS
3017568,cn-(2015)沪知民初字第287号
2672959,cn-(2015)沪知民初字第289号_Hearing_IS
3017570,cn-(2015)沪知民初字第289号
2672960,cn-(2015)沪知民初字第304号_Hearing_IS
4152657,cn-(2015)沪知民初字第304号
2672961,cn-(2015)沪知民初字第74号_Hearing_IS
2672962,cn-(2015)沪知民终字第157号_Hearing_IS
2672963,cn-(2015)沪知民终字第160号_Hearing_IS
3247383,cn-(2015)沪知民终字第160号
2672964,cn-(2015)沪知民终字第161号_Hearing_IS
3017743,cn-(2015)沪知民终字第161号
2672965,cn-(2015)沪知民终字第182号_Hearing_IS
3017607,cn-(2015)沪知民终字第182号
2672966,cn-(2015)沪知民终字第185号_Hearing_IS
3200029,cn-(2015)沪知民终字第185号
2672967,cn-(2015)沪知民终字第189号_Hearing_IS
3247384,cn-(2015)沪知民终字第189号
2672968,cn-(2015)沪知民终字第194号_Hearing_IS
5781315,cn-(2015)沪知民终字第194号
2672969,cn-(2015)沪知民终字第196号_Hearing_IS
3108388,cn-(2015)沪知民终字第196号
2672970,cn-(20150沪知民初字第90号_Hearing_IS
2672971,cn-(2015)沪知民初字第288号_Hearing_IS
2685056,cn-(2015)沪知民初字第169号_Hearing_IS
3098953,cn-(2015)沪知民初字第169号
2685057,cn-(2015)沪知民初字第170号_Hearing_IS
3098954,cn-(2015)沪知民初字第170号
2685059,cn-(2015)沪知民初字第171号_Hearing_IS
3098955,cn-(2015)沪知民初字第171号
2685061,cn-(2015)沪知民初字第172号_Hearing_IS
3511998,cn-(2015)沪知民初字第172号
2685062,cn-(2015)沪知民初字第88号_Hearing_IS
3710975,cn-(2015)沪知民初字第88号
2685063,cn-(2015)沪知民终字第164号_Hearing_IS
3252575,cn-(2015)沪知民终字第164号
2685064,cn-(2015)沪知民终字第172号_Hearing_IS
3215235,cn-(2015)沪知民终字第172号
2685065,cn-(2015)沪知民终字第192号_Hearing_IS
3247385,cn-(2015)沪知民终字第192号
2685066,cn-(2015)沪知民终字第193号_Hearing_IS
3017613,cn-(2015)沪知民终字第193号
2685067,cn-(2015)沪知民终字第203号_Hearing_IS
3017616,cn-(2015)沪知民终字第203号
2685068,cn-(2015)沪知民终字第204号_Hearing_IS
2890062,cn-(2015)沪知民初字第173号_Hearing_IS
3098956,cn-(2015)沪知民初字第173号
2890063,cn-(2015)沪知民初字第175号_Hearing_IS
2890064,cn-(2015)沪知民初字第176号_Hearing_IS
3511999,cn-(2015)沪知民初字第176号
2890065,cn-(2015)沪知民初字第20号_Hearing_IS
3510460,cn-(2015)沪知民初字第20号
2890066,cn-(2015)沪知民初字第21号_Hearing_IS
2890067,cn-(2015)沪知民初字第236号_Hearing_IS
3615770,cn-(2015)沪知民初字第236号
2890068,cn-(2015)沪知民初字第245号_Hearing_IS
2890069,cn-(2015)沪知民初字第255号_Hearing_IS
2890070,cn-(2015)沪知民初字第29号_Hearing_IS
2890071,cn-(2015)沪知民初字第323号_Hearing_IS
2890072,cn-(2015)沪知民初字第353号_Hearing_IS
2890073,cn-(2015)沪知民初字第354号_Hearing_IS
3710968,cn-(2015)沪知民初字第354号
2890074,cn-(2015)沪知民初字第355-356号_Hearing_IS
2890075,cn-(2015)沪知民初字第361-363号_Hearing_IS
2890076,cn-(2015)沪知民初字第386号_Hearing_IS
3098961,cn-(2015)沪知民初字第386号
2890077,cn-(2015)沪知民初字第387号_Hearing_IS
2890078,cn-(2015)沪知民初字第390号_Hearing_IS
2890079,cn-(2015)沪知民初字第405号_Hearing_IS
2890080,cn-(2015)沪知民初字第406号_Hearing_IS
2890081,cn-(2015)沪知民初字第407号_Hearing_IS
2890082,cn-(2015)沪知民初字第411号_Hearing_IS
3094786,cn-(2015)沪知民初字第411号
2890083,cn-(2015)沪知民初字第412号_Hearing_IS
2890084,cn-(2015)沪知民初字第413号_Hearing_IS
2890085,cn-(2015)沪知民初字第419号_Hearing_IS
2890086,cn-(2015)沪知民初字第426-427号_Hearing_IS
2890087,cn-(2015)沪知民初字第428号_Hearing_IS
3190449,cn-(2015)沪知民初字第428号
2890088,cn-(2015)沪知民初字第436号_Hearing_IS
3683862,cn-(2015)沪知民初字第436号
2890089,cn-(2015)沪知民初字第442号_Hearing_IS
2890090,cn-(2015)沪知民初字第445-446号_Hearing_IS
2890091,cn-(2015)沪知民初字第83号_Hearing_IS
2890092,cn-(2015)沪知民终字第211号_Hearing_IS
3232842,cn-(2015)沪知民终字第211号
2890093,cn-(2015)沪知民终字第243号_Hearing_IS
3200796,cn-(2015)沪知民终字第243号
2890094,cn-(2015)沪知民终字第244号_Hearing_IS
3200797,cn-(2015)沪知民终字第244号
2890095,cn-(2015)沪知民终字第246号_Hearing_IS
3716676,cn-(2015)沪知民终字第246号
2890096,cn-(2015)沪知民终字第247号_Hearing_IS
3243467,cn-(2015)沪知民终字第247号
2890097,cn-(2015)沪知民终字第251号_Hearing_IS
3243468,cn-(2015)沪知民终字第251号
2908680,cn-(2015)沪知民初字第149号_Hearing_IS
2908681,cn-(2015)沪知民初字第269号_Hearing_IS
2908682,cn-(2015)沪知民初字第270号_Hearing_IS
2908683,cn-(2015)沪知民初字第322号_Hearing_IS
2908684,cn-(2015)沪知民初字第435号_Hearing_IS
2908685,cn-(2015)沪知民初字第448-450号_Hearing_IS
2908686,cn-(2015)沪知民初字第449-451号_Hearing_IS
2909122,cn-(2015)沪知民初字第130-132号_Hearing_IS
2909123,cn-(2015)沪知民初字第408号_Hearing_IS
2909124,cn-(2015)沪知民初字第409号_Hearing_IS
2909125,cn-(2015)沪知民初字第410号_Hearing_IS
2909126,cn-(2015)沪知民初字第451-453号_Hearing_IS
3017541,cn-(2015)沪知民初字第104号
3017544,cn-(2015)沪知民初字第110号
3017548,cn-(2015)沪知民初字第135号
3017551,cn-(2015)沪知民初字第139号
3017552,cn-(2015)沪知民初字第140号
3017553,cn-(2015)沪知民初字第141号
3017554,cn-(2015)沪知民初字第142号
3017555,cn-(2015)沪知民初字第151号
3017556,cn-(2015)沪知民初字第174号
3017557,cn-(2015)沪知民初字第193号
3017558,cn-(2015)沪知民初字第215号
3017559,cn-(2015)沪知民初字第216号
3017561,cn-(2015)沪知民初字第238号
3017564,cn-(2015)沪知民初字第256号
3017565,cn-(2015)沪知民初字第259号
3017569,cn-(2015)沪知民初字第288号
3017572,cn-(2015)沪知民初字第291号
3017573,cn-(2015)沪知民初字第298号
3017574,cn-(2015)沪知民初字第320号
3017575,cn-(2015)沪知民初字第348号
3017576,cn-(2015)沪知民初字第349号
3017577,cn-(2015)沪知民初字第360号
3017578,cn-(2015)沪知民初字第385号
3017579,cn-(2015)沪知民初字第399号
3017580,cn-(2015)沪知民初字第400号
3017581,cn-(2015)沪知民初字第401号
3017582,cn-(2015)沪知民初字第402号
3017583,cn-(2015)沪知民初字第403号
3017584,cn-(2015)沪知民初字第404号
3017585,cn-(2015)沪知民初字第42号
3017590,cn-(2015)沪知民初字第55号
3017592,cn-(2015)沪知民初字第72号
3017593,cn-(2015)沪知民初字第73号
3017597,cn-(2015)沪知民终字第120号
3017599,cn-(2015)沪知民终字第153号
3017605,cn-(2015)沪知民终字第167号
3017611,cn-(2015)沪知民终字第191号
3017615,cn-(2015)沪知民终字第198号
3017619,cn-(2015)沪知民终字第215号
3017620,cn-(2015)沪知民终字第21号
3017622,cn-(2015)沪知民终字第23号
3017623,cn-(2015)沪知民终字第245号
3017627,cn-(2015)沪知民终字第259号
3017630,cn-(2015)沪知民终字第300号
3017633,cn-(2015)沪知民终字第303号
3017634,cn-(2015)沪知民终字第30号
3017635,cn-(2015)沪知民终字第316号
3017639,cn-(2015)沪知民终字第6号
3017644,cn-(2015)沪知民终字第83号
3017646,cn-(2015)沪知行初字第1号
3018529,cn-(2015)沪知民终字第14号
3018530,cn-(2015)沪知民初字第192号
3018531,cn-(2015)沪知民保字第1号
3031097,cn-(2015)沪知民初字第126号_Hearing_IS
3699704,cn-(2015)沪知民初字第126号
3031098,cn-(2015)沪知民初字第177号_Hearing_IS
3031099,cn-(2015)沪知民初字第272号_Hearing_IS
3510463,cn-(2015)沪知民初字第272号
3031100,cn-(2015)沪知民初字第377号_Hearing_IS
4319732,cn-(2015)沪知民初字第377号
3031101,cn-(2015)沪知民初字第382号_Hearing_IS
4319735,cn-(2015)沪知民初字第382号
3031102,cn-(2015)沪知民初字第384号_Hearing_IS
3031103,cn-(2015)沪知民初字第508号_Hearing_IS
3031104,cn-(2015)沪知民终字第396号_Hearing_IS
3094798,cn-(2015)沪知民终字第396号
3031105,cn-(2015)沪知民终字第400号_Hearing_IS
3282473,cn-(2015)沪知民终字第400号
3039771,cn-(2015)沪知民初字第146号_Hearing_IS
3039772,cn-(2015)沪知民初字第147号_Hearing_IS
3039773,cn-(2015)沪知民初字第227-228号_Hearing_IS
3039774,cn-(2015)沪知民初字第265号_Hearing_IS
3039775,cn-(2015)沪知民初字第294-295号_Hearing_IS
3039776,cn-(2015)沪知民初字第342-345号_Hearing_IS
3039777,cn-(2015)沪知民初字第350号_Hearing_IS
3039778,cn-(2015)沪知民初字第351号_Hearing_IS
3039779,cn-(2015)沪知民初字第354-357号_Hearing_IS
3039780,cn-(2015)沪知民初字第383号_Hearing_IS
3039781,cn-(2015)沪知民初字第388-389号_Hearing_IS
3039782,cn-(2015)沪知民初字第392号_Hearing_IS
3039783,cn-(2015)沪知民初字第426-428号_Hearing_IS
3039784,cn-(2015)沪知民初字第433号_Hearing_IS
3039785,cn-(2015)沪知民初字第460号_Hearing_IS
3039786,cn-(2015)沪知民初字第461-462号_Hearing_IS
3039787,cn-(2015)沪知民初字第516号_Hearing_IS
3039788,cn-(2015)沪知民初字第517号_Hearing_IS
3039789,cn-(2015)沪知民初字第519号_Hearing_IS
3039790,cn-(2015)沪知民初字第531号_Hearing_IS
3514567,cn-(2015)沪知民初字第531号
3039791,cn-(2015)沪知民初字第532号_Hearing_IS
3550345,cn-(2015)沪知民初字第532号
3039792,cn-(2015)沪知民初字第533号_Hearing_IS
3615774,cn-(2015)沪知民初字第533号
3039793,cn-(2015)沪知民初字第548-549号_Hearing_IS
3039794,cn-(2015)沪知民初字第550号_Hearing_IS
3039795,cn-(2015)沪知民初字第551号_Hearing_IS
3039796,cn-(2015)沪知民初字第552-553号_Hearing_IS
3039797,cn-(2015)沪知民初字第554号_Hearing_IS
3039798,cn-(2015)沪知民初字第555号_Hearing_IS
3039799,cn-(2015)沪知民初字第556号_Hearing_IS
3039800,cn-(2015)沪知民初字第563号_Hearing_IS
3039801,cn-(2015)沪知民初字第564号_Hearing_IS
3615775,cn-(2015)沪知民初字第564号
3039802,cn-(2015)沪知民初字第565号_Hearing_IS
3039803,cn-(2015)沪知民初字第566号_Hearing_IS
3615776,cn-(2015)沪知民初字第566号
3039804,cn-(2015)沪知民初字第568号_Hearing_IS
3039805,cn-(2015)沪知民初字第579号_Hearing_IS
3039806,cn-(2015)沪知民初字第589号_Hearing_IS
3591602,cn-(2015)沪知民初字第589号
3039807,cn-(2015)沪知民初字第590号_Hearing_IS
3375377,cn-(2015)沪知民初字第590号
3039808,cn-(2015)沪知民初字第599号_Hearing_IS
3615777,cn-(2015)沪知民初字第599号
3039809,cn-(2015)沪知民初字第600号_Hearing_IS
3039810,cn-(2015)沪知民初字第601号_Hearing_IS
3039811,cn-(2015)沪知民初字第602-603号_Hearing_IS
3039812,cn-(2015)沪知民初字第607号_Hearing_IS
3615778,cn-(2015)沪知民初字第607号
3039813,cn-(2015)沪知民初字第608号_Hearing_IS
3615779,cn-(2015)沪知民初字第608号
3039814,cn-(2015)沪知民初字第609-610号_Hearing_IS
3039815,cn-(2015)沪知民初字第622号_Hearing_IS
3039816,cn-(2015)沪知民初字第626号_Hearing_IS
3615780,cn-(2015)沪知民初字第626号
3039817,cn-(2015)沪知民初字第653号_Hearing_IS
3039818,cn-(2015)沪知民初字第655号_Hearing_IS
3039819,cn-(2015)沪知民初字第657号_Hearing_IS
3710970,cn-(2015)沪知民初字第657号
3039820,cn-(2015)沪知民初字第659号_Hearing_IS
3039821,cn-(2015)沪知民初字第672号_Hearing_IS
3039822,cn-(2015)沪知民初字第674号_Hearing_IS
3039823,cn-(2015)沪知民初字第75号_Hearing_IS
3549804,cn-(2015)沪知民初字第75号
3039824,cn-(2015)沪知民初字第89号_Hearing_IS
3094795,cn-(2015)沪知民初字第89号
3039825,cn-(2015)沪知民终字第242号_Hearing_IS
3039826,cn-(2015)沪知民终字第561号_Hearing_IS
3094799,cn-(2015)沪知民终字第561号
3039827,cn-(2015)沪知民终字第568号_Hearing_IS
3039828,cn-(2015)沪知民终字第573号_Hearing_IS
3151473,cn-(2015)沪知民终字第573号
3039829,cn-(2015)沪知民终字第600号_Hearing_IS
3151474,cn-(2015)沪知民终字第600号
3077988,cn-(2015)沪知民初字第150号_Hearing_IS
3077989,cn-(2015)沪知民初字第26号_Hearing_IS
3510462,cn-(2015)沪知民初字第26号
3077990,cn-(2015)沪知民初字第346号_Hearing_IS
3077991,cn-(2015)沪知民初字第347号_Hearing_IS
3077992,cn-(2015)沪知民初字第455号_Hearing_IS
3077993,cn-(2015)沪知民初字第456号_Hearing_IS
3077994,cn-(2015)沪知民初字第458号_Hearing_IS
3077995,cn-(2015)沪知民初字第502号_Hearing_IS
3077996,cn-(2015)沪知民初字第503号_Hearing_IS
3077997,cn-(2015)沪知民初字第549号_Hearing_IS
3077998,cn-(2015)沪知民初字第581-587号_Hearing_IS
3077999,cn-(2015)沪知民初字第58号_Hearing_IS
3078000,cn-(2015)沪知民初字第603号_Hearing_IS
3078001,cn-(2015)沪知民初字第654号_Hearing_IS
3078002,cn-(2015)沪知民初字第707号_Hearing_IS
3078003,cn-(2015)沪知民终字第459号_Hearing_IS
3454301,cn-(2015)沪知民终字第459号
3078004,cn-(2015)沪知民终字第601号_Hearing_IS
3078005,cn-(2015)沪知民终字第602号_Hearing_IS
3078006,cn-(2015)沪知民终字第633号_Hearing_IS
3078007,cn-(2015)沪知民终字第635号_Hearing_IS
3151475,cn-(2015)沪知民终字第635号
3078008,cn-(2015)沪知民终字第636号_Hearing_IS
3151476,cn-(2015)沪知民终字第636号
3078009,cn-(2015)沪知民终字第637号_Hearing_IS
3282475,cn-(2015)沪知民终字第637号
3078010,cn-(2015)沪知民终字第638号_Hearing_IS
3280993,cn-(2015)沪知民终字第638号
3078011,cn-(2015)沪知民终字第639号_Hearing_IS
3252576,cn-(2015)沪知民终字第639号
3078012,cn-(2015)沪知民终字第640号_Hearing_IS
3200798,cn-(2015)沪知民终字第640号
3078013,cn-(2015)沪知民终字第653号_Hearing_IS
3340770,cn-(2015)沪知民终字第653号
3094778,cn-(2015)沪知民初字第13号
3094780,cn-(2015)沪知民初字第145号
3094781,cn-(2015)沪知民初字第156号
3094783,cn-(2015)沪知民初字第233号
3094785,cn-(2015)沪知民初字第30号
3094787,cn-(2015)沪知民初字第421号
3094788,cn-(2015)沪知民初字第422号
3094789,cn-(2015)沪知民初字第423号
3094790,cn-(2015)沪知民初字第424号
3094791,cn-(2015)沪知民初字第425号
3094793,cn-(2015)沪知民初字第515号
3094794,cn-(2015)沪知民初字第612号
3094800,cn-(2015)沪知民终字第571号
3094801,cn-(2015)沪知民终字第596号
3094802,cn-(2015)沪知民终字第604号
3094803,cn-(2015)沪知民终字第634号
3098947,cn-(2015)沪知民初字第128号
3098948,cn-(2015)沪知民初字第129号
3098950,cn-(2015)沪知民初字第130号
3098951,cn-(2015)沪知民初字第131号
3098952,cn-(2015)沪知民初字第132号
3098957,cn-(2015)沪知民初字第358号
3098958,cn-(2015)沪知民初字第359号
3098959,cn-(2015)沪知民初字第379号
3098960,cn-(2015)沪知民初字第380号
3098962,cn-(2015)沪知民初字第415号
3098963,cn-(2015)沪知民初字第416号
3098964,cn-(2015)沪知民初字第417号
3098965,cn-(2015)沪知民初字第420号
3108390,cn-(2015)沪知民终字第451号
3108391,cn-(2015)沪知民终字第569号
3108393,cn-(2015)沪知民终字第590号
3113249,cn-(2015)沪知民初字第153号_Hearing_IS
3113250,cn-(2015)沪知民初字第154号_Hearing_IS
3549802,cn-(2015)沪知民初字第154号
3113251,cn-(2015)沪知民初字第184-186号_Hearing_IS
3113252,cn-(2015)沪知民初字第244号_Hearing_IS
3113253,cn-(2015)沪知民初字第279号_Hearing_IS
3707717,cn-(2015)沪知民初字第279号
3113254,cn-(2015)沪知民初字第280号_Hearing_IS
3489030,cn-(2015)沪知民初字第280号
3113255,cn-(2015)沪知民初字第381号_Hearing_IS
4319734,cn-(2015)沪知民初字第381号
3113256,cn-(2015)沪知民初字第429号_Hearing_IS
3113257,cn-(2015)沪知民初字第438号_Hearing_IS
3113258,cn-(2015)沪知民初字第528号_Hearing_IS
3113259,cn-(2015)沪知民初字第561号_Hearing_IS
3113260,cn-(2015)沪知民初字第562号_Hearing_IS
3113261,cn-(2015)沪知民初字第591号_Hearing_IS
3476469,cn-(2015)沪知民初字第591号
3113262,cn-(2015)沪知民初字第636号_Hearing_IS
3464306,cn-(2015)沪知民初字第636号
3113263,cn-(2015)沪知民初字第637号_Hearing_IS
3464307,cn-(2015)沪知民初字第637号
3113264,cn-(2015)沪知民初字第638号_Hearing_IS
3550353,cn-(2015)沪知民初字第638号
3113265,cn-(2015)沪知民初字第647号_Hearing_IS
3476470,cn-(2015)沪知民初字第647号
3113266,cn-(2015)沪知民初字第656号_Hearing_IS
3113267,cn-(2015)沪知民初字第658号_Hearing_IS
3591603,cn-(2015)沪知民初字第658号
3113268,cn-(2015)沪知民初字第666号_Hearing_IS
3710971,cn-(2015)沪知民初字第666号
3113269,cn-(2015)沪知民初字第667号_Hearing_IS
3113270,cn-(2015)沪知民初字第668号_Hearing_IS
3691037,cn-(2015)沪知民初字第668号
3113271,cn-(2015)沪知民初字第669号_Hearing_IS
3691038,cn-(2015)沪知民初字第669号
3113272,cn-(2015)沪知民初字第670号_Hearing_IS
3113273,cn-(2015)沪知民初字第671号_Hearing_IS
3113274,cn-(2015)沪知民初字第681号_Hearing_IS
3113275,cn-(2015)沪知民初字第705号_Hearing_IS
3113276,cn-(2015)沪知民初字第708号_Hearing_IS
3113277,cn-(2015)沪知民初字第709号_Hearing_IS
3113278,cn-(2015)沪知民初字第712号_Hearing_IS
3113279,cn-(2015)沪知民初字第719号_Hearing_IS
3510471,cn-(2015)沪知民初字第719号
3113280,cn-(2015)沪知民初字第738-740号_Hearing_IS
3113281,cn-(2015)沪知民初字第752-753号_Hearing_IS
3113282,cn-(2015)沪知民初字第756-757号_Hearing_IS
3113283,cn-(2015)沪知民初字第760号_Hearing_IS
3113284,cn-(2015)沪知民终字第740号_Hearing_IS
3512004,cn-(2015)沪知民终字第740号
3137481,cn-(2015)沪知民初字第339号_Hearing_IS
3137482,cn-(2015)沪知民初字第499号_Hearing_IS
3137483,cn-(2015)沪知民初字第504号_Hearing_IS
3510465,cn-(2015)沪知民初字第504号
3137484,cn-(2015)沪知民初字第530号_Hearing_IS
3137485,cn-(2015)沪知民初字第648号_Hearing_IS
3137486,cn-(2015)沪知民初字第651号_Hearing_IS
3137487,cn-(2015)沪知民初字第698号_Hearing_IS
3137488,cn-(2015)沪知民初字第713号_Hearing_IS
3712974,cn-(2015)沪知民初字第713号
3137489,cn-(2015)沪知民初字第716-718号_Hearing_IS
3137490,cn-(2015)沪知民初字第770号_Hearing_IS
3615789,cn-(2015)沪知民初字第770号
3137491,cn-(2015)沪知民终字第643号_Hearing_IS
4089322,cn-(2015)沪知民终字第643号
3137492,cn-(2015)沪知民终字第676号_Hearing_IS
3340771,cn-(2015)沪知民终字第676号
3137493,cn-(2015)沪知民终字第731号_Hearing_IS
3137494,cn-(2015)沪知民终字第755号_Hearing_IS
3137495,cn-(2015)沪知民终字第756号_Hearing_IS
3351573,cn-(2015)沪知民终字第756号
3142024,cn-(2015)沪知民初字第501号_Hearing_IS
3142025,cn-(2015)沪知民初字第624号_Hearing_IS
3142026,cn-(2015)沪知民初字第643-646号_Hearing_IS
3142027,cn-(2015)沪知民初字第649号_Hearing_IS
3142028,cn-(2015)沪知民初字第650号_Hearing_IS
3510466,cn-(2015)沪知民初字第650号
3142029,cn-(2015)沪知民初字第769号_Hearing_IS
4532457,cn-(2015)沪知民初字第769号
3142030,cn-(2015)沪知民初字第778号_Hearing_IS
3142031,cn-(2015)沪知民初字第779号_Hearing_IS
3615793,cn-(2015)沪知民初字第779号
3142032,cn-(2015)沪知民终字第758号_Hearing_IS
3512005,cn-(2015)沪知民终字第758号
3142033,cn-(2015)沪知民终字第780号_Hearing_IS
4012490,cn-(2015)沪知民终字第780号
3142997,cn-(2015)沪知民初字第342-343号_Hearing_IS
3142998,cn-(2015)沪知民初字第344号_Hearing_IS
3142999,cn-(2015)沪知民初字第345-346号_Hearing_IS
3143000,cn-(2015)沪知民初字第457号_Hearing_IS
3143001,cn-(2015)沪知民初字第459号_Hearing_IS
3143002,cn-(2015)沪知民终字第778号_Hearing_IS
3303963,cn-(2015)沪知民终字第778号
3143003,cn-(2015)沪知民终字第781号_Hearing_IS
3151391,cn-(2015)沪知民初字第168号_Hearing_IS
3340769,cn-(2015)沪知民初字第168号
3151392,cn-(2015)沪知民初字第278号_Hearing_IS
3151393,cn-(2015)沪知民初字第735号_Hearing_IS
3151394,cn-(2015)沪知民初字第736号_Hearing_IS
3151395,cn-(2015)沪知民初字第737号_Hearing_IS
3151396,cn-(2015)沪知民初字第766号_Hearing_IS
3151397,cn-(2015)沪知民初字第775号_Hearing_IS
3151398,cn-(2015)沪知民初字第784号_Hearing_IS
3151399,cn-(2015)沪知民初字第787号_Hearing_IS
3151400,cn-(2015)沪知民初字第798号_Hearing_IS
3151401,cn-(2015)沪知民终字第737号_Hearing_IS
3282476,cn-(2015)沪知民终字第737号
3151402,cn-(2015)沪知民终字第738号_Hearing_IS
3282477,cn-(2015)沪知民终字第738号
3151462,cn-(2015)沪知民初字第144号
3151466,cn-(2015)沪知民初字第46号
3151467,cn-(2015)沪知民初字第628号
3151471,cn-(2015)沪知民申字第1号
3151472,cn-(2015)沪知民终字第305号
3151477,cn-(2015)沪知民终字第656号
3151478,cn-(2015)沪知民终字第724号
3189982,cn-(2015)沪知民初字第271号_Hearing_IS
3189983,cn-(2015)沪知民初字第273号_Hearing_IS
3707716,cn-(2015)沪知民初字第273号
3189984,cn-(2015)沪知民初字第512-514号_Hearing_IS
3189985,cn-(2015)沪知民初字第518号_Hearing_IS
4816033,cn-(2015)沪知民初字第518号
3189986,cn-(2015)沪知民初字第582号_Hearing_IS
3550346,cn-(2015)沪知民初字第582号
3189987,cn-(2015)沪知民初字第583号_Hearing_IS
3550347,cn-(2015)沪知民初字第583号
3189988,cn-(2015)沪知民初字第584号_Hearing_IS
3550348,cn-(2015)沪知民初字第584号
3189989,cn-(2015)沪知民初字第585号_Hearing_IS
3550349,cn-(2015)沪知民初字第585号
3189990,cn-(2015)沪知民初字第586号_Hearing_IS
3550350,cn-(2015)沪知民初字第586号
3189991,cn-(2015)沪知民初字第587号_Hearing_IS
3550351,cn-(2015)沪知民初字第587号
3189992,cn-(2015)沪知民初字第631号_Hearing_IS
3550352,cn-(2015)沪知民初字第631号
3189993,cn-(2015)沪知民初字第642号_Hearing_IS
3189994,cn-(2015)沪知民初字第663号_Hearing_IS
3189995,cn-(2015)沪知民初字第686-687号_Hearing_IS
3189996,cn-(2015)沪知民初字第714号_Hearing_IS
3189997,cn-(2015)沪知民初字第715号_Hearing_IS
3189998,cn-(2015)沪知民初字第720-721号_Hearing_IS
3189999,cn-(2015)沪知民初字第722号_Hearing_IS
3190000,cn-(2015)沪知民初字第731号_Hearing_IS
4396376,cn-(2015)沪知民初字第731号
3190001,cn-(2015)沪知民初字第750号_Hearing_IS
3190002,cn-(2015)沪知民初字第762号_Hearing_IS
3190003,cn-(2015)沪知民初字第763号_Hearing_IS
3190004,cn-(2015)沪知民初字第772号_Hearing_IS
3615790,cn-(2015)沪知民初字第772号
3190005,cn-(2015)沪知民终字第785号_Hearing_IS
3192110,cn-(2015)沪知民初字第426号
3192111,cn-(2015)沪知民初字第543号
3192113,cn-(2015)沪知民终字第673号
3192114,cn-(2015)沪知民终字第739号
3192115,cn-(2015)沪知民终字第753号
3192116,cn-(2015)沪知民终字第757号
3192117,cn-(2015)沪知民终字第787号
3192126,cn-(2016)沪73民辖终1号
3200031,cn-(2015)沪知民终字第317号
3200032,cn-(2015)沪知民终字第574号
3208155,cn-(2015)沪知民初字第101号
3221579,cn-(2016)沪知民初字第15号_Hearing_IS
3221580,cn-(2016)沪知民初字第16号_Hearing_IS
3221581,cn-(2016)沪知民初字第23号_Hearing_IS
3221582,cn-(2016)沪知民初字第78号_Hearing_IS
3221583,cn-(2016)沪知民初字第79号_Hearing_IS
3221584,cn-(2016)沪知民初字第7号_Hearing_IS
3221585,cn-(2016)沪知民终字第22号_Hearing_IS
3221586,cn-(2016)沪知民终字第24号_Hearing_IS
3221587,cn-(2016)沪知民终字第31号_Hearing_IS
3232843,cn-(2015)沪知民终字第788号
3232873,cn-(2016)沪73民辖终4号
3243469,cn-(2015)沪知民终字第252号
3243470,cn-(2015)沪知民终字第253号
3247386,cn-(2015)沪知民终字第214号
3252577,cn-(2015)沪知民终字第68号
3259852,cn-(2015)沪知民初字第281号_Hearing_IS
3259853,cn-(2015)沪知民初字第309号_Hearing_IS
3695978,cn-(2015)沪知民初字第309号
3259854,cn-(2015)沪知民初字第310号_Hearing_IS
3512001,cn-(2015)沪知民初字第310号
3259855,cn-(2015)沪知民初字第378号_Hearing_IS
3259856,cn-(2015)沪知民初字第427号_Hearing_IS
3512002,cn-(2015)沪知民初字第427号
3259857,cn-(2015)沪知民初字第512号_Hearing_IS
3929644,cn-(2015)沪知民初字第512号
3259858,cn-(2015)沪知民初字第513号_Hearing_IS
3259859,cn-(2015)沪知民初字第514号_Hearing_IS
3259860,cn-(2015)沪知民初字第542号_Hearing_IS
3259861,cn-(2015)沪知民初字第544号_Hearing_IS
3259862,cn-(2015)沪知民初字第629号_Hearing_IS
3259863,cn-(2015)沪知民初字第630号_Hearing_IS
3259864,cn-(2015)沪知民初字第644号_Hearing_IS
3259865,cn-(2015)沪知民初字第645号_Hearing_IS
3259866,cn-(2015)沪知民初字第646号_Hearing_IS
3259867,cn-(2015)沪知民初字第761号_Hearing_IS
3259868,cn-(2015)沪知民初字第792号_Hearing_IS
3259869,cn-(2015)沪知民终字第525号_Hearing_IS
3259870,cn-(2015)沪知民终字第566号_Hearing_IS
3259871,cn-(2015)沪知民终字第728号_Hearing_IS
3259872,cn-(2016)沪知民初字第20号_Hearing_IS
3259873,cn-(2016)沪知民初字第59-61号_Hearing_IS
3259874,cn-(2016)沪知民初字第62-64号_Hearing_IS
3259875,cn-(2016)沪知民初字第65-67号_Hearing_IS
3259876,cn-(2016)沪知民初字第8号_Hearing_IS
3259877,cn-(2016)沪知民初字第9号_Hearing_IS
3259878,cn-(2016)沪知民终字第25号_Hearing_IS
3259879,cn-(2016)沪知民终字第33号_Hearing_IS
3259880,cn-(2016)沪知民终字第34号_Hearing_IS
3259881,cn-(2016)沪知民终字第42号_Hearing_IS
3259882,cn-(2016)沪知民终字第44号_Hearing_IS
3260505,cn-(2015)沪知民初字第269-270号_Hearing_IS
3260506,cn-(2015)沪知民初字第462号_Hearing_IS
3260507,cn-(2015)沪知民初字第634号_Hearing_IS
3260508,cn-(2015)沪知民初字第748号_Hearing_IS
4849442,cn-(2015)沪知民初字第748号
3260509,cn-(2015)沪知民初字第768号_Hearing_IS
3260510,cn-(2015)沪知民初字第802-805号_Hearing_IS
3260511,cn-(2015)沪知民初字第806-809号_Hearing_IS
3260512,cn-(2016)沪73民初121号_Hearing_IS
3260513,cn-(2016)沪73民初126-127号_Hearing_IS
3260514,cn-(2016)沪73民初175-176号_Hearing_IS
3260515,cn-(2016)沪73民初177-178号_Hearing_IS
3260516,cn-(2016)沪73民初19号_Hearing_IS
3679637,cn-(2016)沪73民初19号
3260517,cn-(2016)沪73民初21号_Hearing_IS
3260518,cn-(2016)沪73民初33号_Hearing_IS
3260519,cn-(2016)沪73民初36号_Hearing_IS
3260520,cn-(2016)沪73民初38号_Hearing_IS
3510587,cn-(2016)沪73民初38号
3260521,cn-(2016)沪73民初39-40号_Hearing_IS
3260522,cn-(2016)沪73民初44号_Hearing_IS
3691140,cn-(2016)沪73民初44号
3260523,cn-(2016)沪73民初45号_Hearing_IS
3691141,cn-(2016)沪73民初45号
3260524,cn-(2016)沪73民初46号_Hearing_IS
3679642,cn-(2016)沪73民初46号
3260525,cn-(2016)沪73民初47号_Hearing_IS
3679643,cn-(2016)沪73民初47号
3260526,cn-(2016)沪73民初48号_Hearing_IS
3679644,cn-(2016)沪73民初48号
3260527,cn-(2016)沪73民初49号_Hearing_IS
3260528,cn-(2016)沪73民初51-53号_Hearing_IS
3260529,cn-(2016)沪73民初54-56号_Hearing_IS
3260530,cn-(2016)沪73民初57-58号_Hearing_IS
3260531,cn-(2016)沪73民初69号_Hearing_IS
3260532,cn-(2016)沪73民初70号_Hearing_IS
3260533,cn-(2016)沪73民初76号_Hearing_IS
3260534,cn-(2016)沪73民初78号_Hearing_IS
3464324,cn-(2016)沪73民初78号
3260535,cn-(2016)沪73民初79号_Hearing_IS
3464325,cn-(2016)沪73民初79号
3260536,cn-(2016)沪73民初82-87号_Hearing_IS
3260537,cn-(2016)沪73民初88-89号_Hearing_IS
3260538,cn-(2016)沪73民初90-91号_Hearing_IS
3260539,cn-(2016)沪73民初92号_Hearing_IS
3699792,cn-(2016)沪73民初92号
3260540,cn-(2016)沪73民初93号_Hearing_IS
3700029,cn-(2016)沪73民初93号
3260541,cn-(2016)沪73民初94号_Hearing_IS
3260542,cn-(2016)沪73民初95号_Hearing_IS
3260543,cn-(2016)沪73民初96号_Hearing_IS
3260544,cn-(2016)沪知民初字第45号_Hearing_IS
3260545,cn-(2016)沪知民初字第76号_Hearing_IS
3260546,cn-(2016)沪知民初字第96号_Hearing_IS
3260897,cn-(2015)沪知民终字第522号
3260898,cn-(2015)沪知民终字第789号
3282474,cn-(2015)沪知民终字第401号
3282478,cn-(2015)沪知民终字第754号
3282587,cn-(2016)沪73民终1号
3282588,cn-(2016)沪73民终31号
3282589,cn-(2016)沪73民辖终19号
3296684,cn-(2015)沪知民终字第801号
3296785,cn-(2016)沪73民终14号
3304179,cn-(2015)沪知民初字第295号_Hearing_IS
3710967,cn-(2015)沪知民初字第295号
3304180,cn-(2015)沪知民初字第311号_Hearing_IS
3304181,cn-(2015)沪知民初字第800号_Hearing_IS
3304182,cn-(2015)沪知民初字第801号_Hearing_IS
3304183,cn-(2015)沪知民初字第803号_Hearing_IS
3304184,cn-(2015)沪知民初字第804号_Hearing_IS
3304185,cn-(2016)沪73民初100号_Hearing_IS
3304186,cn-(2016)沪73民初102号_Hearing_IS
3304187,cn-(2016)沪73民初103号_Hearing_IS
3304188,cn-(2016)沪73民初104号_Hearing_IS
3304189,cn-(2016)沪73民初105号_Hearing_IS
3304190,cn-(2016)沪73民初110号_Hearing_IS
3304191,cn-(2016)沪73民初117号_Hearing_IS
3304192,cn-(2016)沪73民初118号_Hearing_IS
3304193,cn-(2016)沪73民初119号_Hearing_IS
3304194,cn-(2016)沪73民初120号_Hearing_IS
3304195,cn-(2016)沪73民初122号_Hearing_IS
3304196,cn-(2016)沪73民初123号_Hearing_IS
3304197,cn-(2016)沪73民初128号_Hearing_IS
3304198,cn-(2016)沪73民初129号_Hearing_IS
3304199,cn-(2016)沪73民初130号_Hearing_IS
3304200,cn-(2016)沪73民初132号_Hearing_IS
3304201,cn-(2016)沪73民初133号_Hearing_IS
3304202,cn-(2016)沪73民初15号_Hearing_IS
3304203,cn-(2016)沪73民初165号_Hearing_IS
3304204,cn-(2016)沪73民初166号_Hearing_IS
3304205,cn-(2016)沪73民初167号_Hearing_IS
3510586,cn-(2016)沪73民初167号
3304206,cn-(2016)沪73民初168号_Hearing_IS
3304207,cn-(2016)沪73民初169号_Hearing_IS
3683918,cn-(2016)沪73民初169号
3304208,cn-(2016)沪73民初16号_Hearing_IS
3304209,cn-(2016)沪73民初170号_Hearing_IS
3683919,cn-(2016)沪73民初170号
3304210,cn-(2016)沪73民初171号_Hearing_IS
3683920,cn-(2016)沪73民初171号
3304211,cn-(2016)沪73民初172号_Hearing_IS
3683921,cn-(2016)沪73民初172号
3304212,cn-(2016)沪73民初173号_Hearing_IS
3683922,cn-(2016)沪73民初173号
3304213,cn-(2016)沪73民初179号_Hearing_IS
3691133,cn-(2016)沪73民初179号
3304214,cn-(2016)沪73民初180号_Hearing_IS
3691134,cn-(2016)沪73民初180号
3304215,cn-(2016)沪73民初181号_Hearing_IS
3691135,cn-(2016)沪73民初181号
3304216,cn-(2016)沪73民初182号_Hearing_IS
3691136,cn-(2016)沪73民初182号
3304217,cn-(2016)沪73民初183号_Hearing_IS
3691137,cn-(2016)沪73民初183号
3304218,cn-(2016)沪73民初184号_Hearing_IS
3691138,cn-(2016)沪73民初184号
3304219,cn-(2016)沪73民初186号_Hearing_IS
3304220,cn-(2016)沪73民初187号_Hearing_IS
3304221,cn-(2016)沪73民初188号_Hearing_IS
3304222,cn-(2016)沪73民初191号_Hearing_IS
3710014,cn-(2016)沪73民初191号
3304223,cn-(2016)沪73民初199号_Hearing_IS
5649060,cn-(2016)沪73民初199号
3304224,cn-(2016)沪73民初208号_Hearing_IS
3304225,cn-(2016)沪73民初218号_Hearing_IS
3691139,cn-(2016)沪73民初218号
3304226,cn-(2016)沪73民初230号_Hearing_IS
3304227,cn-(2016)沪73民初231号_Hearing_IS
3304228,cn-(2016)沪73民初28号_Hearing_IS
3304229,cn-(2016)沪73民初59号_Hearing_IS
3591679,cn-(2016)沪73民初59号
3304230,cn-(2016)沪73民初60号_Hearing_IS
3591680,cn-(2016)沪73民初60号
3304231,cn-(2016)沪73民初61号_Hearing_IS
3591681,cn-(2016)沪73民初61号
3304232,cn-(2016)沪73民初62号_Hearing_IS
3591682,cn-(2016)沪73民初62号
3304233,cn-(2016)沪73民初63号_Hearing_IS
3591683,cn-(2016)沪73民初63号
3304234,cn-(2016)沪73民初64号_Hearing_IS
3591684,cn-(2016)沪73民初64号
3304235,cn-(2016)沪73民初65号_Hearing_IS
3710990,cn-(2016)沪73民初65号
3304236,cn-(2016)沪73民初66号_Hearing_IS
3699791,cn-(2016)沪73民初66号
3304237,cn-(2016)沪73民初67号_Hearing_IS
3591685,cn-(2016)沪73民初67号
3304238,cn-(2016)沪73民初7号_Hearing_IS
3304239,cn-(2016)沪73民初9号_Hearing_IS
3304240,cn-(2016)沪73民终101号_Hearing_IS
3512470,cn-(2016)沪73民终101号
3304241,cn-(2016)沪73民终24号_Hearing_IS
3304242,cn-(2016)沪73民终47号_Hearing_IS
3466924,cn-(2016)沪73民终47号
3304243,cn-(2016)沪73民终49号_Hearing_IS
3304244,cn-(2016)沪73民终50号_Hearing_IS
3591686,cn-(2016)沪73民终50号
3304245,cn-(2016)沪73民终55号_Hearing_IS
3304246,cn-(2016)沪73民终68号_Hearing_IS
4084035,cn-(2016)沪73民终68号
3304247,cn-(2016)沪73民终70号_Hearing_IS
3304248,cn-(2016)沪73民终72号_Hearing_IS
3304249,cn-(2016)沪73民终74号_Hearing_IS
3613910,cn-(2016)沪73民终74号
3304250,cn-(2016)沪73民终78号_Hearing_IS
3512473,cn-(2016)沪73民终78号
3304251,cn-(2016)沪73民终84号_Hearing_IS
3304252,cn-(2016)沪73行初2号_Hearing_IS
3309709,cn-(2015)沪知民初字第567号_Hearing_IS
3309710,cn-(2016)沪73民初124号_Hearing_IS
3309711,cn-(2016)沪73民初125号_Hearing_IS
3309712,cn-(2016)沪73民初156号_Hearing_IS
3309713,cn-(2016)沪73民初192号_Hearing_IS
3309714,cn-(2016)沪73民初194号_Hearing_IS
3710984,cn-(2016)沪73民初194号
3309715,cn-(2016)沪73民初195号_Hearing_IS
3710985,cn-(2016)沪73民初195号
3309716,cn-(2016)沪73民初196号_Hearing_IS
3309717,cn-(2016)沪73民初197号_Hearing_IS
3309718,cn-(2016)沪73民初209号_Hearing_IS
3309720,cn-(2016)沪73民初219号_Hearing_IS
3309721,cn-(2016)沪73民初220号_Hearing_IS
3309722,cn-(2016)沪73民初221号_Hearing_IS
3309723,cn-(2016)沪73民初223号_Hearing_IS
3309724,cn-(2016)沪73民初233号_Hearing_IS
3489140,cn-(2016)沪73民初233号
3309725,cn-(2016)沪73民初242号_Hearing_IS
3710986,cn-(2016)沪73民初242号
3309726,cn-(2016)沪73民初77号_Hearing_IS
3340772,cn-(2015)沪知民终字第800号
3340946,cn-(2016)沪73民终60号
3340947,cn-(2016)沪73民辖终22号
3340948,cn-(2016)沪73民辖终95号
3340949,cn-(2016)沪73民辖终96号
3351526,cn-(2015)沪知民初字第127号_Hearing_IS
3351527,cn-(2015)沪知民初字第284号_Hearing_IS
3351528,cn-(2015)沪知民初字第388号_Hearing_IS
3351529,cn-(2015)沪知民初字第389号_Hearing_IS
3716675,cn-(2015)沪知民初字第389号
3351530,cn-(2015)沪知民初字第505号_Hearing_IS
3550344,cn-(2015)沪知民初字第505号
3351531,cn-(2015)沪知民初字第702号_Hearing_IS
3351532,cn-(2015)沪知民初字第703号_Hearing_IS
3351533,cn-(2015)沪知民初字第738号_Hearing_IS
3615786,cn-(2015)沪知民初字第738号
3351534,cn-(2015)沪知民初字第740号_Hearing_IS
3712975,cn-(2015)沪知民初字第740号
3351535,cn-(2016)沪73民初131号_Hearing_IS
3351536,cn-(2016)沪73民初185号_Hearing_IS
3351537,cn-(2016)沪73民初213号_Hearing_IS
3351538,cn-(2016)沪73民初217号_Hearing_IS
3351539,cn-(2016)沪73民初224号_Hearing_IS
3651746,cn-(2016)沪73民初224号
3351540,cn-(2016)沪73民初249号_Hearing_IS
3351541,cn-(2016)沪73民初250号_Hearing_IS
3351542,cn-(2016)沪73民初251号_Hearing_IS
3351543,cn-(2016)沪73民初252号_Hearing_IS
3351544,cn-(2016)沪73民初256号_Hearing_IS
3351545,cn-(2016)沪73民初258号_Hearing_IS
3351546,cn-(2016)沪73民初260号_Hearing_IS
3351547,cn-(2016)沪73民初97号_Hearing_IS
3351548,cn-(2016)沪73民初98号_Hearing_IS
3351549,cn-(2016)沪73民终103号_Hearing_IS
3351550,cn-(2016)沪73民终106号_Hearing_IS
3351551,cn-(2016)沪73民终108号_Hearing_IS
3351552,cn-(2016)沪73民终109号_Hearing_IS
3503910,cn-(2016)沪73民终109号
3351553,cn-(2016)沪73民终54号_Hearing_IS
3351554,cn-(2016)沪73民终64号_Hearing_IS
3351555,cn-(2016)沪73民终65号_Hearing_IS
3351556,cn-(2016)沪73民终66号_Hearing_IS
3351557,cn-(2016)沪73民终69号_Hearing_IS
3351558,cn-(2016)沪民终114号_Hearing_IS
3375376,cn-(2015)沪知民初字第463号
3389467,cn-(2015)沪知民初字第184号_Hearing_IS
3615768,cn-(2015)沪知民初字第184号
3389468,cn-(2015)沪知民初字第185号_Hearing_IS
3389469,cn-(2015)沪知民初字第186号_Hearing_IS
3615769,cn-(2015)沪知民初字第186号
3389470,cn-(2015)沪知民初字第187号_Hearing_IS
3389471,cn-(2015)沪知民初字第188号_Hearing_IS
3389472,cn-(2015)沪知民初字第189号_Hearing_IS
3389473,cn-(2015)沪知民初字第294号_Hearing_IS
3389474,cn-(2015)沪知民初字第414号_Hearing_IS
3712973,cn-(2015)沪知民初字第414号
3389475,cn-(2016)沪73民初18号_Hearing_IS
3679636,cn-(2016)沪73民初18号
3389476,cn-(2016)沪73民初193号_Hearing_IS
3389477,cn-(2016)沪73民初246号_Hearing_IS
3389478,cn-(2016)沪73民初276号_Hearing_IS
3583621,cn-(2016)沪73民初276号
3389479,cn-(2016)沪73民初277号_Hearing_IS
3627208,cn-(2016)沪73民初277号
3389480,cn-(2016)沪73民终122号_Hearing_IS
3439230,cn-(2015)沪知民初字第105号_Hearing_IS
3439231,cn-(2015)沪知民初字第752号_Hearing_IS
3439232,cn-(2015)沪知民初字第753号_Hearing_IS
3439233,cn-(2015)沪知民初字第802号_Hearing_IS
3439234,cn-(2015)沪知民初字第805号_Hearing_IS
3439235,cn-(2015)沪知民初字第806号_Hearing_IS
3439236,cn-(2015)沪知民初字第807号_Hearing_IS
3439237,cn-(2015)沪知民初字第808号_Hearing_IS
3439238,cn-(2016)沪73民初134号_Hearing_IS
3710983,cn-(2016)沪73民初134号
3439239,cn-(2016)沪73民初135号_Hearing_IS
3699785,cn-(2016)沪73民初135号
3439240,cn-(2016)沪73民初146号_Hearing_IS
3439241,cn-(2016)沪73民初147号_Hearing_IS
3679634,cn-(2016)沪73民初147号
3439242,cn-(2016)沪73民初148号_Hearing_IS
3679635,cn-(2016)沪73民初148号
3439243,cn-(2016)沪73民初149号_Hearing_IS
3439244,cn-(2016)沪73民初150号_Hearing_IS
3439245,cn-(2016)沪73民初151号_Hearing_IS
3439246,cn-(2016)沪73民初157号_Hearing_IS
3439247,cn-(2016)沪73民初228号_Hearing_IS
3439248,cn-(2016)沪73民初229号_Hearing_IS
3439249,cn-(2016)沪73民初269号_Hearing_IS
3439250,cn-(2016)沪73民初270号_Hearing_IS
3439251,cn-(2016)沪73民初282号_Hearing_IS
3439252,cn-(2016)沪73民初285号_Hearing_IS
3439253,cn-(2016)沪73民初332号_Hearing_IS
3439254,cn-(2016)沪73民初333号_Hearing_IS
3439255,cn-(2016)沪73民初334号_Hearing_IS
3439256,cn-(2016)沪73民初81号_Hearing_IS
3439257,cn-(2016)沪73民终125号_Hearing_IS
3439258,cn-(2016)沪73民终137号_Hearing_IS
3512472,cn-(2016)沪73民终137号
3443444,cn-(2015)沪知民初字第437号_Hearing_IS
3489031,cn-(2015)沪知民初字第437号
3443445,cn-(2015)沪知民初字第507号_Hearing_IS
3443446,cn-(2015)沪知民初字第704号_Hearing_IS
3443447,cn-(2015)沪知民初字第720号_Hearing_IS
3443448,cn-(2015)沪知民初字第721号_Hearing_IS
3443449,cn-(2016)沪73民初152号_Hearing_IS
3443450,cn-(2016)沪73民初153号_Hearing_IS
3443451,cn-(2016)沪73民初253号_Hearing_IS
3443452,cn-(2016)沪73民初267号_Hearing_IS
3443453,cn-(2016)沪73民初268号_Hearing_IS
3443454,cn-(2016)沪73民初271号_Hearing_IS
3443455,cn-(2016)沪73民初272号_Hearing_IS
3443456,cn-(2016)沪73民初273号_Hearing_IS
3443457,cn-(2016)沪73民初274号_Hearing_IS
3443458,cn-(2016)沪73民初286号_Hearing_IS
3443459,cn-(2016)沪73民初297号_Hearing_IS
3443460,cn-(2016)沪73民初298号_Hearing_IS
3443461,cn-(2016)沪73民初300号_Hearing_IS
3443462,cn-(2016)沪73民初301号_Hearing_IS
3443463,cn-(2016)沪73民初304号_Hearing_IS
3443464,cn-(2016)沪73民初305号_Hearing_IS
3443465,cn-(2016)沪73民初312号_Hearing_IS
3443466,cn-(2016)沪73民初313号_Hearing_IS
3443467,cn-(2016)沪73民初314号_Hearing_IS
3443468,cn-(2016)沪73民初346号_Hearing_IS
3443469,cn-(2016)沪73民初347号_Hearing_IS
3443470,cn-(2016)沪73民初353号_Hearing_IS
3443471,cn-(2016)沪73民初354号_Hearing_IS
3443472,cn-(2016)沪73民终127号_Hearing_IS
3579508,cn-(2016)沪73民终127号
3443473,cn-(2016)沪73民终128号_Hearing_IS
3443474,cn-(2016)沪73民终129号_Hearing_IS
3443475,cn-(2016)沪73民终130号_Hearing_IS
3454422,cn-(2016)沪73民辖终149号
3458834,cn-(2016)沪73民初10号_Hearing_IS
3458835,cn-(2016)沪73民初126号_Hearing_IS
3458836,cn-(2016)沪73民初127号_Hearing_IS
3458837,cn-(2016)沪73民初154号_Hearing_IS
3458838,cn-(2016)沪73民初201号_Hearing_IS
3458839,cn-(2016)沪73民初203号_Hearing_IS
3458840,cn-(2016)沪73民初205号_Hearing_IS
3458841,cn-(2016)沪73民初212号_Hearing_IS
3458842,cn-(2016)沪73民初215号_Hearing_IS
3679639,cn-(2016)沪73民初215号
3458843,cn-(2016)沪73民初216号_Hearing_IS
3679640,cn-(2016)沪73民初216号
3458844,cn-(2016)沪73民初248号_Hearing_IS
3458845,cn-(2016)沪73民初287号_Hearing_IS
3458846,cn-(2016)沪73民初289号_Hearing_IS
3458847,cn-(2016)沪73民初290号_Hearing_IS
3458848,cn-(2016)沪73民初292号_Hearing_IS
3458849,cn-(2016)沪73民初293号_Hearing_IS
3458850,cn-(2016)沪73民初327号_Hearing_IS
3458851,cn-(2016)沪73民初344号_Hearing_IS
3458852,cn-(2016)沪73民初348号_Hearing_IS
3458853,cn-(2016)沪73民初349号_Hearing_IS
3458854,cn-(2016)沪73民初350号_Hearing_IS
3458855,cn-(2016)沪73民初374号_Hearing_IS
3458856,cn-(2016)沪73民初385号_Hearing_IS
3458857,cn-(2016)沪73民初386号_Hearing_IS
3458858,cn-(2016)沪73民初390号_Hearing_IS
3458859,cn-(2016)沪73民初39号_Hearing_IS
3458860,cn-(2016)沪73民初40号_Hearing_IS
3458861,cn-(2016)沪73民初51号_Hearing_IS
3699790,cn-(2016)沪73民初51号
3458862,cn-(2016)沪73民初52号_Hearing_IS
3696045,cn-(2016)沪73民初52号
3458863,cn-(2016)沪73民初53号_Hearing_IS
3696046,cn-(2016)沪73民初53号
3458864,cn-(2016)沪73民终107号_Hearing_IS
3458865,cn-(2016)沪73民终136号_Hearing_IS
3634667,cn-(2016)沪73民终136号
3458866,cn-(2016)沪73民终141号_Hearing_IS
3458867,cn-(2016)沪73民终142号_Hearing_IS
3458868,cn-(2016)沪73民终151号_Hearing_IS
3458869,cn-(2016)沪73民终153号_Hearing_IS
4012492,cn-(2016)沪73民终153号
3458870,cn-(2016)沪73民终154号_Hearing_IS
3461386,cn-(2016)沪73民初87号
3464326,cn-(2016)沪73民初82号
3464327,cn-(2016)沪73民初85号
3464328,cn-(2016)沪73民初86号
3464329,cn-(2016)沪73民初90号
3464330,cn-(2016)沪73民终25号
3467036,cn-(2016)沪73民初14号_Hearing_IS
3467037,cn-(2016)沪73民初362号_Hearing_IS
3467038,cn-(2016)沪73民初384号_Hearing_IS
3467039,cn-(2016)沪73民终132号_Hearing_IS
3467040,cn-(2016)沪73民终196号_Hearing_IS
3476336,cn-(2015)沪知民初字第218号_Hearing_IS
3476337,cn-(2015)沪知民初字第686号_Hearing_IS
3476338,cn-(2015)沪知民初字第723号_Hearing_IS
3476339,cn-(2016)沪73民初159号_Hearing_IS
3476340,cn-(2016)沪73民初189号_Hearing_IS
3476341,cn-(2016)沪73民初365号_Hearing_IS
3476342,cn-(2016)沪73民初366号_Hearing_IS
3476343,cn-(2016)沪73民初381号_Hearing_IS
3476344,cn-(2016)沪73民初382号_Hearing_IS
3476345,cn-(2016)沪73民初383号_Hearing_IS
3476346,cn-(2016)沪73民初436号_Hearing_IS
3476347,cn-(2016)沪73民初444号_Hearing_IS
3476348,cn-(2016)沪73民初72号_Hearing_IS
3476349,cn-(2016)沪73民终203号_Hearing_IS
3476350,cn-(2016)沪73民终71号_Hearing_IS
3476468,cn-(2015)沪知民初字第506号
3488732,cn-(2015)沪知民初字第581号
3488768,cn-(2015)沪知民初字第687号_Hearing_IS
3488769,cn-(2016)沪73民初101号_Hearing_IS
3488770,cn-(2016)沪73民初141号_Hearing_IS
3691132,cn-(2016)沪73民初141号
3488771,cn-(2016)沪73民初459号_Hearing_IS
3488772,cn-(2016)沪73民初460号_Hearing_IS
3488773,cn-(2016)沪73民初461号_Hearing_IS
3488774,cn-(2016)沪73民初485号_Hearing_IS
3488775,cn-(2016)沪73民初486号_Hearing_IS
3488776,cn-(2016)沪73民终197号_Hearing_IS
3579509,cn-(2016)沪73民终197号
3488777,cn-(2016)沪73民终207号_Hearing_IS
3488778,cn-(2016)沪73民终209号_Hearing_IS
5484725,cn-(2016)沪73民终209号
3488779,cn-(2016)沪73民终210号_Hearing_IS
3712992,cn-(2016)沪73民终210号
3488780,cn-(2016)沪73民终211号_Hearing_IS
3488781,cn-(2016)沪73民终217号_Hearing_IS
3489029,cn-(2015)沪知民初字第276号
3489141,cn-(2016)沪73民辖终275号
3503749,cn-(2015)沪知民初字第739号_Hearing_IS
3615787,cn-(2015)沪知民初字第739号
3503750,cn-(2015)沪知民初字第758号_Hearing_IS
3503751,cn-(2016)沪73民初423号_Hearing_IS
3503752,cn-(2016)沪73民初424号_Hearing_IS
3503753,cn-(2016)沪73民初463号_Hearing_IS
3503754,cn-(2016)沪73民初465号_Hearing_IS
3503755,cn-(2016)沪73民初466号_Hearing_IS
3503756,cn-(2016)沪73民初467号_Hearing_IS
3503757,cn-(2016)沪73民初468号_Hearing_IS
3503758,cn-(2016)沪73民初488号_Hearing_IS
3503759,cn-(2016)沪73民初489号_Hearing_IS
3503760,cn-(2016)沪73民初490号_Hearing_IS
3503761,cn-(2016)沪73民初491号_Hearing_IS
3503762,cn-(2016)沪73民终208号_Hearing_IS
3503763,cn-(2016)沪73民终221号_Hearing_IS
3510467,cn-(2015)沪知民初字第665号
3510468,cn-(2015)沪知民初字第675号
3510469,cn-(2015)沪知民初字第676号
3510470,cn-(2015)沪知民初字第693号
3510588,cn-(2016)沪73民初462号
3510589,cn-(2016)沪73民初54号
3510590,cn-(2016)沪73民初55号
3510591,cn-(2016)沪73民初56号
3510592,cn-(2016)沪73民初83号
3510593,cn-(2016)沪73民初84号
3510594,cn-(2016)沪73民初88号
3510595,cn-(2016)沪73民初89号
3510596,cn-(2016)沪73民初91号
3512003,cn-(2015)沪知民终字第165号
3512469,cn-(2016)沪73民初26号
3512471,cn-(2016)沪73民终124号
3512474,cn-(2016)沪73民辖终21号
3512475,cn-(2016)沪73民辖终346号
3512476,cn-(2016)沪73民辖终347号
3514568,cn-(2015)沪知民初字第692号
3546259,cn-(2016)沪73民初111号_Hearing_IS
3546260,cn-(2016)沪73民初113号_Hearing_IS
3982432,cn-(2016)沪73民初113号
3546261,cn-(2016)沪73民初114号_Hearing_IS
3546262,cn-(2016)沪73民初50号_Hearing_IS
3546263,cn-(2016)沪73民终243号_Hearing_IS
3546264,cn-(2016)沪73民终246号_Hearing_IS
3550354,cn-(2015)沪知民初字第694号
3560372,cn-(2015)沪知民初字第521号_Hearing_IS
3560373,cn-(2015)沪知民初字第743号_Hearing_IS
3560374,cn-(2016)沪73民初155号_Hearing_IS
3560375,cn-(2016)沪73民初234号_Hearing_IS
3560376,cn-(2016)沪73民初315号_Hearing_IS
3560377,cn-(2016)沪73民初316号_Hearing_IS
3560378,cn-(2016)沪73民初429号_Hearing_IS
3560379,cn-(2016)沪73民初430号_Hearing_IS
3560380,cn-(2016)沪73民初493号_Hearing_IS
3560381,cn-(2016)沪73民初578号_Hearing_IS
5331670,cn-(2016)沪73民初578号
3560382,cn-(2016)沪73民初593号_Hearing_IS
3560383,cn-(2016)沪73民终239号_Hearing_IS
3560384,cn-(2016)沪73民终245号_Hearing_IS
4811065,cn-(2016)沪73民终245号
3560385,cn-(2016)沪73民终265号_Hearing_IS
3712994,cn-(2016)沪73民终265号
3560386,cn-(2016)沪73民终278号_Hearing_IS
3566255,cn-(2015)沪知民初字第342号_Hearing_IS
3566256,cn-(2015)沪知民初字第345号_Hearing_IS
3566257,cn-(2015)沪知民初字第604号_Hearing_IS
3566258,cn-(2016)沪73民初115号_Hearing_IS
3566259,cn-(2016)沪73民初116号_Hearing_IS
3566260,cn-(2016)沪73民初222号_Hearing_IS
3566261,cn-(2016)沪73民初23号_Hearing_IS
3566262,cn-(2016)沪73民初24号_Hearing_IS
3566263,cn-(2016)沪73民初25号_Hearing_IS
3566264,cn-(2016)沪73民初288号_Hearing_IS
3566265,cn-(2016)沪73民初291号_Hearing_IS
3566266,cn-(2016)沪73民初377号_Hearing_IS
3566267,cn-(2016)沪73民初389号_Hearing_IS
3566268,cn-(2016)沪73民初412号_Hearing_IS
3566269,cn-(2016)沪73民初418号_Hearing_IS
3566270,cn-(2016)沪73民初419号_Hearing_IS
3566271,cn-(2016)沪73民初428号_Hearing_IS
3566272,cn-(2016)沪73民初457号_Hearing_IS
3566273,cn-(2016)沪73民初458号_Hearing_IS
3566274,cn-(2016)沪73民初475号_Hearing_IS
3566275,cn-(2016)沪73民初476号_Hearing_IS
3566276,cn-(2016)沪73民初484号_Hearing_IS
3928858,cn-(2016)沪73民初484号
3566277,cn-(2016)沪73民初492号_Hearing_IS
3566278,cn-(2016)沪73民初503号_Hearing_IS
3566279,cn-(2016)沪73民初509号_Hearing_IS
3566280,cn-(2016)沪73民初510号_Hearing_IS
3566281,cn-(2016)沪73民初512号_Hearing_IS
3802951,cn-(2016)沪73民初512号
3566282,cn-(2016)沪73民初529号_Hearing_IS
3566283,cn-(2016)沪73民初530号_Hearing_IS
3566284,cn-(2016)沪73民初547号_Hearing_IS
3566285,cn-(2016)沪73民初548号_Hearing_IS
3566286,cn-(2016)沪73民初551号_Hearing_IS
3566287,cn-(2016)沪73民初552号_Hearing_IS
3566288,cn-(2016)沪73民初553号_Hearing_IS
3566289,cn-(2016)沪73民初557号_Hearing_IS
3566290,cn-(2016)沪73民初558号_Hearing_IS
3566291,cn-(2016)沪73民初559号_Hearing_IS
3566292,cn-(2016)沪73民初571号_Hearing_IS
3566293,cn-(2016)沪73民初579号_Hearing_IS
3566294,cn-(2016)沪73民初580号_Hearing_IS
3566295,cn-(2016)沪73民初594号_Hearing_IS
3566296,cn-(2016)沪73民初595号_Hearing_IS
3566297,cn-(2016)沪73民初596号_Hearing_IS
3566298,cn-(2016)沪73民终190号_Hearing_IS
4093228,cn-(2016)沪73民终190号
3566299,cn-(2016)沪73民终235号_Hearing_IS
4084387,cn-(2016)沪73民终235号
3566300,cn-(2016)沪73民终241号_Hearing_IS
3579514,cn-(2016)沪73民终241号
3566301,cn-(2016)沪73民终242号_Hearing_IS
4164818,cn-(2016)沪73民终242号
3566302,cn-(2016)沪73民终248号_Hearing_IS
3615676,cn-(2016)沪73民终248号
3566303,cn-(2016)沪73民终262号_Hearing_IS
3712993,cn-(2016)沪73民终262号
3577141,cn-(2016)沪73民初235号_Hearing_IS
3577142,cn-(2016)沪73民初302号_Hearing_IS
3577143,cn-(2016)沪73民初415号_Hearing_IS
3577144,cn-(2016)沪73民初425号_Hearing_IS
3577145,cn-(2016)沪73民初426号_Hearing_IS
3577146,cn-(2016)沪73民初432号_Hearing_IS
3577147,cn-(2016)沪73民初433号_Hearing_IS
3577148,cn-(2016)沪73民初447号_Hearing_IS
3577149,cn-(2016)沪73民初448号_Hearing_IS
3577150,cn-(2016)沪73民初453号_Hearing_IS
3577151,cn-(2016)沪73民初469号_Hearing_IS
3577152,cn-(2016)沪73民初498号_Hearing_IS
3577153,cn-(2016)沪73民初523号_Hearing_IS
3577154,cn-(2016)沪73民初524号_Hearing_IS
3577155,cn-(2016)沪73民初531号_Hearing_IS
3577156,cn-(2016)沪73民初535号_Hearing_IS
3577157,cn-(2016)沪73民初550号_Hearing_IS
3577158,cn-(2016)沪73民初583号_Hearing_IS
3577159,cn-(2016)沪73民初584号_Hearing_IS
3577160,cn-(2016)沪73民初585号_Hearing_IS
3577161,cn-(2016)沪73民初586号_Hearing_IS
3577162,cn-(2016)沪73民初711号_Hearing_IS
3577163,cn-(2016)沪73民初712号_Hearing_IS
3577164,cn-(2016)沪73民初713号_Hearing_IS
3577165,cn-(2016)沪73民初714号_Hearing_IS
3577166,cn-(2016)沪73民初496号_Hearing_IS
3577223,cn-(2016)沪73民初310号_Hearing_IS
3577224,cn-(2016)沪73民初328号_Hearing_IS
3577225,cn-(2016)沪73民初416号_Hearing_IS
3577226,cn-(2016)沪73民初470号_Hearing_IS
3577227,cn-(2016)沪73民初497号_Hearing_IS
3577228,cn-(2016)沪73民初538号_Hearing_IS
3577229,cn-(2016)沪73民初539号_Hearing_IS
3577230,cn-(2016)沪73民初540号_Hearing_IS
3579507,cn-(2016)沪73民初275号
3579510,cn-(2016)沪73民终204号
3579511,cn-(2016)沪73民终205号
3579512,cn-(2016)沪73民终206号
3579513,cn-(2016)沪73民终226号
3579515,cn-(2016)沪73民终263号
3579516,cn-(2016)沪73民辖终371号
3579517,cn-(2016)沪73民辖终372号
3579518,cn-(2016)沪73民辖终411号
3579519,cn-(2016)沪73民辖终431号
3583099,cn-(2015)沪知民初字第275号_Hearing_IS
3583100,cn-(2015)沪知民初字第448号_Hearing_IS
3583101,cn-(2015)沪知民初字第449号_Hearing_IS
3583102,cn-(2015)沪知民初字第450号_Hearing_IS
3583103,cn-(2015)沪知民初字第451号_Hearing_IS
3583104,cn-(2015)沪知民初字第452号_Hearing_IS
3583105,cn-(2015)沪知民初字第453号_Hearing_IS
3583622,cn-(2016)沪73民辖终345号
3585132,cn-(2016)沪73民初266号_Hearing_IS
3585133,cn-(2016)沪73民初405号_Hearing_IS
3585134,cn-(2016)沪73民初451号_Hearing_IS
3585135,cn-(2016)沪73民初516号_Hearing_IS
3585136,cn-(2016)沪73民初728号_Hearing_IS
3585137,cn-(2016)沪73民初733号_Hearing_IS
3585138,cn-(2016)沪73民初734号_Hearing_IS
3591677,cn-(2016)沪73民初57号
3591678,cn-(2016)沪73民初58号
3591687,cn-(2016)沪73民辖6号
3591688,cn-(2016)沪73民辖终356号
3593975,cn-(2016)沪73民初240号_Hearing_IS
5649061,cn-(2016)沪73民初240号
3593976,cn-(2016)沪73民初241号_Hearing_IS
5649062,cn-(2016)沪73民初241号
3593977,cn-(2016)沪73民初245号_Hearing_IS
3710987,cn-(2016)沪73民初245号
3593978,cn-(2016)沪73民初262号_Hearing_IS
3710988,cn-(2016)沪73民初262号
3593979,cn-(2016)沪73民初393号_Hearing_IS
3593980,cn-(2016)沪73民初394号_Hearing_IS
3593981,cn-(2016)沪73民初420号_Hearing_IS
3593982,cn-(2016)沪73民初421号_Hearing_IS
3593983,cn-(2016)沪73民初434号_Hearing_IS
3593984,cn-(2016)沪73民初514号_Hearing_IS
3593985,cn-(2016)沪73民初515号_Hearing_IS
3593986,cn-(2016)沪73民初517号_Hearing_IS
3593987,cn-(2016)沪73民初518号_Hearing_IS
3593988,cn-(2016)沪73民初693号_Hearing_IS
3593989,cn-(2016)沪73民初698号_Hearing_IS
3593990,cn-(2016)沪73民初700号_Hearing_IS
3593991,cn-(2016)沪73民初701号_Hearing_IS
3593992,cn-(2016)沪73民初732号_Hearing_IS
3593993,cn-(2016)沪73民终286号_Hearing_IS
5484726,cn-(2016)沪73民终286号
3603641,cn-(2016)沪73民初20号_Hearing_IS
3603642,cn-(2016)沪73民初257号_Hearing_IS
3603643,cn-(2016)沪73民初431号_Hearing_IS
3603644,cn-(2016)沪73民终281号_Hearing_IS
3603645,cn-(2016)沪73民终289号_Hearing_IS
3603665,cn-(2016)沪73民初198号_Hearing_IS
3603666,cn-(2016)沪73民初541号_Hearing_IS
3603667,cn-(2016)沪73民初776号_Hearing_IS
3603668,cn-(2016)沪73民终298号_Hearing_IS
5374396,cn-(2016)沪73民终298号
3603671,cn-(2015)沪知民初字第343号
3603688,cn-(2016)沪73民辖终375号
3614351,cn-(2016)沪73民初285号
3614360,cn-(2016)沪73民辖终486号
3614361,cn-(2016)沪73民辖终488号
3615781,cn-(2015)沪知民初字第695号
3615782,cn-(2015)沪知民初字第696号
3615783,cn-(2015)沪知民初字第697号
3615784,cn-(2015)沪知民初字第710号
3615785,cn-(2015)沪知民初字第711号
3615788,cn-(2015)沪知民初字第755号
3615791,cn-(2015)沪知民初字第773号
3615792,cn-(2015)沪知民初字第774号
3615803,cn-(2016)沪73民初121号
3615804,cn-(2016)沪73民初157号
3615805,cn-(2016)沪73民初230号
3615806,cn-(2016)沪73民初745号
3615807,cn-(2016)沪73民初746号
3615808,cn-(2016)沪73民初76号
3618297,cn-(2016)沪73民初499号_Hearing_IS
3618298,cn-(2016)沪73民初501号_Hearing_IS
3618299,cn-(2016)沪73民初507号_Hearing_IS
3618300,cn-(2016)沪73民初508号_Hearing_IS
3618301,cn-(2016)沪73民初574号_Hearing_IS
3618302,cn-(2016)沪73民初695号_Hearing_IS
3618303,cn-(2016)沪73民初722号_Hearing_IS
3618304,cn-(2016)沪73民初777号_Hearing_IS
3618305,cn-(2016)沪73民终303号_Hearing_IS
3712995,cn-(2016)沪73民终303号
3642534,cn-(2015)沪知民初字第745号_Hearing_IS
3642535,cn-(2015)沪知民初字第746号_Hearing_IS
5382347,cn-(2015)沪知民初字第746号
3642536,cn-(2015)沪知民初字第747号_Hearing_IS
4707661,cn-(2015)沪知民初字第747号
3642537,cn-(2016)沪73民初399号_Hearing_IS
3642538,cn-(2016)沪73民初401号_Hearing_IS
3642539,cn-(2016)沪73民初522号_Hearing_IS
3642540,cn-(2016)沪73民初549号_Hearing_IS
3642541,cn-(2016)沪73民初572号_Hearing_IS
3642542,cn-(2016)沪73民初589号_Hearing_IS
3642543,cn-(2016)沪73民初590号_Hearing_IS
3642544,cn-(2016)沪73民初694号_Hearing_IS
3642545,cn-(2016)沪73民初715号_Hearing_IS
3642546,cn-(2016)沪73民初718号_Hearing_IS
3642547,cn-(2016)沪73民初756号_Hearing_IS
3642548,cn-(2016)沪73民初757号_Hearing_IS
3642549,cn-(2016)沪73民初758号_Hearing_IS
3642550,cn-(2016)沪73民初760号_Hearing_IS
3642551,cn-(2016)沪73民初761号_Hearing_IS
3928859,cn-(2016)沪73民初761号
3642552,cn-(2016)沪73民初762号_Hearing_IS
3642553,cn-(2016)沪73民初767号_Hearing_IS
3642554,cn-(2016)沪73民初768号_Hearing_IS
3642555,cn-(2016)沪73民初771号_Hearing_IS
3642556,cn-(2016)沪73民初775号_Hearing_IS
3642557,cn-(2016)沪73民初784号_Hearing_IS
3642558,cn-(2016)沪73民初785号_Hearing_IS
3642559,cn-(2016)沪73民初786号_Hearing_IS
3642560,cn-(2016)沪73民初787号_Hearing_IS
3642561,cn-(2016)沪73民初788号_Hearing_IS
3642562,cn-(2016)沪73民初789号_Hearing_IS
3642563,cn-(2016)沪73民初790号_Hearing_IS
3642564,cn-(2016)沪73民初791号_Hearing_IS
3642565,cn-(2016)沪73民初792号_Hearing_IS
3642566,cn-(2016)沪73民初793号_Hearing_IS
3642567,cn-(2016)沪73民初795号_Hearing_IS
3642568,cn-(2016)沪73民初796号_Hearing_IS
3642569,cn-(2016)沪73民初799号_Hearing_IS
3642570,cn-(2016)沪73民初800号_Hearing_IS
3642571,cn-(2016)沪73民初810号_Hearing_IS
3642572,cn-(2016)沪73民初811号_Hearing_IS
3642573,cn-(2016)沪73民初812号_Hearing_IS
3642574,cn-(2016)沪73民初813号_Hearing_IS
3642575,cn-(2016)沪73民初817号_Hearing_IS
3642576,cn-(2016)沪73民初824号_Hearing_IS
5547589,cn-(2016)沪73民初824号
3642577,cn-(2016)沪73民初826号_Hearing_IS
5547592,cn-(2016)沪73民初826号
3642578,cn-(2016)沪73民初827号_Hearing_IS
3642579,cn-(2016)沪73民初830号_Hearing_IS
3642580,cn-(2016)沪73民初837号_Hearing_IS
5549561,cn-(2016)沪73民初837号
3642581,cn-(2016)沪73民初838号_Hearing_IS
5549562,cn-(2016)沪73民初838号
3642582,cn-(2016)沪73民初839号_Hearing_IS
3642583,cn-(2016)沪73民初840号_Hearing_IS
3642584,cn-(2016)沪73民终264号_Hearing_IS
3642585,cn-(2016)沪73民终309号_Hearing_IS
3642586,cn-(2016)沪73民终310号_Hearing_IS
3644757,cn-(2016)沪73民初261号_Hearing_IS
3644758,cn-(2016)沪73民初378号_Hearing_IS
3644759,cn-(2016)沪73民初511号_Hearing_IS
3644760,cn-(2016)沪73民初519号_Hearing_IS
3644761,cn-(2016)沪73民初520号_Hearing_IS
3644762,cn-(2016)沪73民初565号_Hearing_IS
3644763,cn-(2016)沪73民初691号_Hearing_IS
3644764,cn-(2016)沪73民初751号_Hearing_IS
3644765,cn-(2016)沪73民初759号_Hearing_IS
3644766,cn-(2016)沪73民终320号_Hearing_IS
3654918,cn-(2015)沪知民初字第461号_Hearing_IS
3654919,cn-(2016)沪73民初576号_Hearing_IS
3654920,cn-(2016)沪73民初707号_Hearing_IS
3654921,cn-(2016)沪73民初774号_Hearing_IS
3654922,cn-(2016)沪73民初846号_Hearing_IS
3654923,cn-(2016)沪73民初847号_Hearing_IS
3654924,cn-(2016)沪73民终323号_Hearing_IS
3668794,cn-(2016)沪73民终319号_Hearing_IS
5547594,cn-(2016)沪73民终319号
3679638,cn-(2016)沪73民初214号
3679641,cn-(2016)沪73民初225号
3679645,cn-(2016)沪73民初545号
3679977,cn-(2016)沪73民初703号_Hearing_IS
3679978,cn-(2016)沪73民初704号_Hearing_IS
3683923,cn-(2016)沪73民初174号
3683924,cn-(2016)沪73民初244号
3683925,cn-(2016)沪73民初505号
3690929,cn-(2016)沪73民初743号_Hearing_IS
3690930,cn-(2016)沪73民初825号_Hearing_IS
5547591,cn-(2016)沪73民初825号
3690931,cn-(2016)沪73民初828号_Hearing_IS
5547593,cn-(2016)沪73民初828号
3690932,cn-(2016)沪73民初836号_Hearing_IS
5649063,cn-(2016)沪73民初836号
3690933,cn-(2016)沪73民终331号_Hearing_IS
3691036,cn-(2015)沪知民初字第306号
3696044,cn-(2016)沪73民初163号
3697945,cn-(2016)沪73民初581号_Hearing_IS
3697946,cn-(2016)沪73民初748号_Hearing_IS
3697947,cn-(2016)沪73民初798号_Hearing_IS
3697948,cn-(2016)沪73民初857号_Hearing_IS
3697949,cn-(2016)沪73民初866号_Hearing_IS
3697950,cn-(2016)沪73民终335号_Hearing_IS
3697951,cn-(2016)沪73民终336号_Hearing_IS
3697952,cn-(2016)沪73民终337号_Hearing_IS
3697953,cn-(2016)沪73民终339号_Hearing_IS
3697954,cn-(2016)沪73民终341号_Hearing_IS
4563955,cn-(2016)沪73民终341号
3697955,cn-(2016)沪73民终355号_Hearing_IS
3698590,cn-(2016)沪73民辖终526号
3699786,cn-(2016)沪73民初200号
3699787,cn-(2016)沪73民初202号
3699788,cn-(2016)沪73民初204号
3699789,cn-(2016)沪73民初206号
3705596,cn-(2016)沪73民初137号
3705597,cn-(2016)沪73民初138号
3705598,cn-(2016)沪73民初139号
3706723,cn-(2015)沪知民终字第272号
3706724,cn-(2015)沪知民终字第273号
3706725,cn-(2015)沪知民终字第461号
3710969,cn-(2015)沪知民初字第356号
3710972,cn-(2015)沪知民初字第716号
3710973,cn-(2015)沪知民初字第717号
3710974,cn-(2015)沪知民初字第718号
3710989,cn-(2016)沪73民初454号
3710991,cn-(2016)沪73民辖终544号
3712996,cn-(2016)沪73民辖终499号
3722052,cn-(2016)沪0115民初44466号
4255255,cn-(2017)沪73民终229号
3714512,cn-(2015)沪知民初字第58号
3716619,cn-(2016)沪73民初213号
3717932,cn-(2015)沪知民终字第200号
3720879,cn-(2016)沪73民初8号
3720880,cn-(2016)沪73民初9号
3721350,cn-(2015)沪知民初字第707号
3722053,cn-(2016)沪73民初443号
3723356,cn-(2015)沪知民初字第85号
3726393,cn-(2015)沪知民初字第228号
3726483,cn-(2016)沪73民终106号
3726761,cn-(2015)沪知民初字第419号
3726762,cn-(2015)沪知民初字第514号
3726763,cn-(2015)沪知民初字第555号
3726797,cn-(2016)沪73民初130号
3746740,cn-(2015)沪知民初字第127号
3746741,cn-(2015)沪知民初字第227号
3746742,cn-(2015)沪知民终字第781号
3746785,cn-(2016)沪73民终55号
3746786,cn-(2016)沪73民辖终171号
3749656,cn-(2016)沪73民初368号_Hearing_IS
4947007,cn-(2016)沪73民初368号
3749657,cn-(2016)沪73民初806号_Hearing_IS
5547759,cn-(2016)沪73民初806号
3749658,cn-(2017)沪73民终7号_Hearing_IS
3750473,cn-(2016)沪73民终44号
3750760,cn-(2016)沪73民辖终183号
3750761,cn-(2016)沪73民辖终189号
3761861,cn-(2016)沪73民初791号
3761862,cn-(2016)沪73民初792号
3761863,cn-(2016)沪73民初793号
3761864,cn-(2016)沪73民初794号
3761865,cn-(2016)沪73民初796号
3765866,cn-(2017)沪73民初38号_Hearing_IS
3765867,cn-(2017)沪73民初39号_Hearing_IS
3765868,cn-(2017)沪73民初40号_Hearing_IS
3765869,cn-(2017)沪73民终21号_Hearing_IS
3768284,cn-(2016)沪73民辖终573号
3768329,cn-(2017)沪73民辖终7号
3768330,cn-(2017)沪73民辖终8号
3768331,cn-(2017)沪73民辖终9号
3772474,cn-(2016)沪73民初297号
3774244,cn-上海知识产权法院-日本电产精密株式会社-上海安和精密电子电器有限公司-起诉信息
3776027,cn-(2016)沪73民初272号
3776028,cn-(2016)沪73民初347号
3784050,cn-(2016)沪73民初778号_Hearing_IS
3784051,cn-(2017)沪73民终1号_Hearing_IS
3793563,cn-(2016)沪73民终279号
3795521,cn-(2015)沪知民初字第339号
3805584,cn-(2016)沪73民辖终487号
3805925,cn-(2016)沪73民辖终514号
3808856,cn-(2016)沪73民终30号
3816774,cn-(2016)沪73民初643号
3816775,cn-(2016)沪73民初644号
3816776,cn-(2016)沪73民初645号
3816777,cn-(2016)沪73民初646号
3816778,cn-(2016)沪73民初647号
3816779,cn-(2016)沪73民初648号
3816780,cn-(2016)沪73民初649号
3816781,cn-(2016)沪73民初650号
3816782,cn-(2016)沪73民初651号
3816783,cn-(2016)沪73民初652号
3816784,cn-(2016)沪73民初653号
3816785,cn-(2016)沪73民初654号
3816786,cn-(2016)沪73民初655号
3816787,cn-(2016)沪73民初656号
3816788,cn-(2016)沪73民初657号
3816789,cn-(2016)沪73民初658号
3816790,cn-(2016)沪73民初659号
3816791,cn-(2016)沪73民初660号
3816792,cn-(2016)沪73民初661号
3816793,cn-(2016)沪73民初666号
3816794,cn-(2016)沪73民初667号
3816795,cn-(2016)沪73民初668号
3816796,cn-(2016)沪73民初669号
3816797,cn-(2016)沪73民初670号
3816798,cn-(2016)沪73民初671号
3816799,cn-(2016)沪73民初672号
3816800,cn-(2016)沪73民初673号
3816801,cn-(2016)沪73民初674号
3816802,cn-(2016)沪73民初675号
3816803,cn-(2016)沪73民初676号
3816804,cn-(2016)沪73民初677号
3816805,cn-(2016)沪73民初678号
3816806,cn-(2016)沪73民初679号
3816807,cn-(2016)沪73民初680号
3816808,cn-(2016)沪73民初681号
3816809,cn-(2016)沪73民初682号
3816810,cn-(2016)沪73民初683号
3816811,cn-(2016)沪73民初684号
3816812,cn-(2016)沪73民初685号
3816813,cn-(2016)沪73民终281号
3816814,cn-(2016)沪73民辖终500号
3816815,cn-(2016)沪73民辖终507号
3835062,cn-(2016)沪73民终208号
3841301,cn-(2016)沪73民初219号
3841302,cn-(2016)沪73民初220号
3847900,cn-(2016)沪73民辖终558号
3854252,cn-(2017)沪民终33号_Hearing_IS
3881458,cn-(2016)沪73民初575号
3881459,cn-(2016)沪73民初879号
3881680,cn-(2017)沪73民初104号
3881681,cn-(2017)沪73民终7号
3884368,cn-(2016)沪73民初221号
3884369,cn-(2016)沪73民初500号
3884370,cn-(2016)沪73民初502号
3884371,cn-(2016)沪73民初7号
3889517,cn-(2017)沪73民辖终25号
3889518,cn-(2017)沪73民辖终5号
3889719,cn-上海知识产权法院-胡涛-摩拜_Complaint_IS
3890228,cn-(2017)沪73民初181号
3902927,cn-(2016)沪73民初758号
3929250,cn-(2017)沪73民初132号
3929251,cn-(2017)沪73民初164号
3943063,cn-(2016)沪73民初39号
3943064,cn-(2016)沪73民初420号
3943065,cn-(2016)沪73民初434号
3943066,cn-(2016)沪73民初548号
3943067,cn-(2016)沪73民初573号
3965924,cn-(2015)沪知民初字第294号
3965925,cn-(2015)沪知民初字第388号
3965926,cn-(2015)沪知民初字第708号
3965927,cn-(2015)沪知民初字第709号
3966075,cn-(2016)沪73民初118号
3966076,cn-(2016)沪73民初125号
3966077,cn-(2016)沪73民初128号
3966078,cn-(2016)沪73民初132号
3966079,cn-(2016)沪73民初15号
3966080,cn-(2016)沪73民初16号
3966081,cn-(2016)沪73民初192号
3966082,cn-(2016)沪73民初197号
3966083,cn-(2016)沪73民初223号
3966084,cn-(2016)沪73民初310号
3966085,cn-(2016)沪73民初312号
3966086,cn-(2016)沪73民初415号
3966087,cn-(2016)沪73民初416号
3966088,cn-(2016)沪73民初421号
3966089,cn-(2016)沪73民初425号
3966090,cn-(2016)沪73民初426号
3966091,cn-(2016)沪73民初430号
3966092,cn-(2016)沪73民初431号
3966093,cn-(2016)沪73民初432号
3966094,cn-(2016)沪73民初433号
3966095,cn-(2016)沪73民初435号
3966096,cn-(2016)沪73民初452号
3966097,cn-(2016)沪73民初453号
3966098,cn-(2016)沪73民初469号
3966099,cn-(2016)沪73民初470号
3966100,cn-(2016)沪73民初485号
3966101,cn-(2016)沪73民初495号
3966102,cn-(2016)沪73民初496号
3966103,cn-(2016)沪73民初497号
3966104,cn-(2016)沪73民初498号
3966105,cn-(2016)沪73民初559号
3966106,cn-(2016)沪73民初579号
3966107,cn-(2016)沪73民初712号
3966108,cn-(2016)沪73民初714号
3966109,cn-(2016)沪73民初785号
3966110,cn-(2016)沪73民初786号
3966111,cn-(2016)沪73民初787号
3966112,cn-(2016)沪73民初788号
3966113,cn-(2016)沪73民初789号
3966114,cn-(2016)沪73民初790号
3966115,cn-(2016)沪73民初795号
3966116,cn-(2016)沪73民初813号
3966117,cn-(2016)沪73民初94号
3966118,cn-(2016)沪73民初95号
3966537,cn-(2016)沪73民初588号_Hearing_IS
3966538,cn-(2016)沪73民初591号_Hearing_IS
3966539,cn-(2016)沪73民初592号_Hearing_IS
3966540,cn-(2016)沪73民初874号_Hearing_IS
3966541,cn-(2016)沪73民初876号_Hearing_IS
3966542,cn-(2017)沪73民初106号_Hearing_IS
3966543,cn-(2017)沪73民初107号_Hearing_IS
3966544,cn-(2017)沪73民初115号_Hearing_IS
3966545,cn-(2017)沪73民初116号_Hearing_IS
3966546,cn-(2017)沪73民初117号_Hearing_IS
3966547,cn-(2017)沪73民初118号_Hearing_IS
3966548,cn-(2017)沪73民初149号_Hearing_IS
3966549,cn-(2017)沪73民初155号_Hearing_IS
3966550,cn-(2017)沪73民初159号_Hearing_IS
3966551,cn-(2017)沪73民初166号_Hearing_IS
3966552,cn-(2017)沪73民初174号_Hearing_IS
3966553,cn-(2017)沪73民初200号_Hearing_IS
3966554,cn-(2017)沪73民初234号_Hearing_IS
3966555,cn-(2017)沪73民初289号_Hearing_IS
3966556,cn-(2017)沪73民初290号_Hearing_IS
3966557,cn-(2017)沪73民初31号_Hearing_IS
3966558,cn-(2017)沪73民初45号_Hearing_IS
3966559,cn-(2017)沪73民初46号_Hearing_IS
3966560,cn-(2017)沪73民初47号_Hearing_IS
3966561,cn-(2017)沪73民初90号_Hearing_IS
5547767,cn-(2017)沪73民初90号
3966562,cn-(2017)沪73民初91号_Hearing_IS
3966563,cn-(2017)沪73民初94号_Hearing_IS
3966564,cn-(2017)沪73民终169号_Hearing_IS
3966565,cn-(2017)沪73民终174号_Hearing_IS
5363981,cn-(2017)沪73民终174号
3966566,cn-(2017)沪73民终189号_Hearing_IS
4577950,cn-(2017)沪73民终189号
3966567,cn-(2017)沪73民终191号_Hearing_IS
4577952,cn-(2017)沪73民终191号
3966568,cn-(2017)沪73民终192号_Hearing_IS
4577953,cn-(2017)沪73民终192号
3966569,cn-(2017)沪73民终193号_Hearing_IS
4577954,cn-(2017)沪73民终193号
3966570,cn-(2017)沪73民终194号_Hearing_IS
4577955,cn-(2017)沪73民终194号
3966571,cn-(2017)沪73民终197号_Hearing_IS
3966572,cn-(2017)沪73民终198号_Hearing_IS
3966573,cn-(2017)沪73民终200号_Hearing_IS
3966574,cn-(2017)沪73民终207号_Hearing_IS
5363999,cn-(2017)沪73民终207号
3982811,cn-(2017)沪73民终57号
3984435,cn-(2016)沪73民终104号
3984436,cn-(2016)沪73民终125号
3984437,cn-(2016)沪73民终309号
3984438,cn-(2016)沪73民终310号
3984439,cn-(2016)沪73民终37号
3984821,cn-(2017)沪73民终141号
3984822,cn-(2017)沪73民终21号
3984823,cn-(2017)沪73民终39号
3984824,cn-(2017)沪73民终56号
3984825,cn-(2017)沪73民终68号
3984826,cn-(2017)沪73民终91号
3984827,cn-(2017)沪73民辖终23号
3984828,cn-(2017)沪73民辖终33号
3984829,cn-(2017)沪73民辖终42号
3984830,cn-(2017)沪73民辖终43号
3984831,cn-(2017)沪73民辖终45号
3984832,cn-(2017)沪73民辖终48号
3984834,cn-(2017)沪73民辖终74号
4004682,cn-(2016)沪73民初756号
4004683,cn-(2016)沪73民初757号
4004684,cn-(2016)沪73民初799号
4004685,cn-(2016)沪73民初800号
4012487,cn-(2015)沪知民初字第191号
4012488,cn-(2015)沪知民初字第633号
4012489,cn-(2015)沪知民终字第730号
4012491,cn-(2016)沪73民终133号
4012493,cn-(2016)沪73民辖终506号
4030072,cn-(2015)沪知民初字第270号
4055930,cn-(2016)沪73民初293号
4055931,cn-(2016)沪73民初419号
4055932,cn-(2016)沪73民初49号
4055933,cn-(2016)沪73民初524号
4055934,cn-(2016)沪73民初572号
4055935,cn-(2016)沪73民初695号
4055936,cn-(2016)沪73民初696号
4055937,cn-(2016)沪73民初720号
4056207,cn-(2017)沪73民初194号
4056208,cn-(2017)沪73民初69号
4084044,cn-(2015)沪知民终字第613号
4084045,cn-(2015)沪知民终字第81号
4084056,cn-(2016)沪73民辖终186号
4084057,cn-(2016)沪73民辖终187号
4084058,cn-(2016)沪73民辖终188号
4084061,cn-(2017)沪73民终53号
4084375,cn-(2015)沪知民终字第213号
4084385,cn-(2016)沪73民终134号
4084386,cn-(2016)沪73民终135号
4084388,cn-(2016)沪73民终33号
4089328,cn-(2016)沪73行初1号
4104371,cn-上海知识产权法院-胡涛-摩拜_Hearing_IS
4105580,cn-(2015)沪知民终字第614号
4119796,cn-(2017)沪73民初247号
4152658,cn-(2015)沪知民初字第361号
4156216,cn-(2015)沪知民初字第624号
4156217,cn-(2015)沪知民初字第653号
4156221,cn-(2016)沪73民初14号
4156222,cn-(2016)沪73民初231号
4156223,cn-(2016)沪73民初257号
4156224,cn-(2016)沪73民初260号
4156225,cn-(2016)沪73民初33号
4156226,cn-(2016)沪73民初374号
4156227,cn-(2016)沪73民初428号
4156228,cn-(2016)沪73民初429号
4156229,cn-(2016)沪73民初499号
4156230,cn-(2016)沪73民初501号
4156231,cn-(2016)沪73民初511号
4156232,cn-(2016)沪73民初516号
4156233,cn-(2016)沪73民初529号
4156234,cn-(2016)沪73民初530号
4156235,cn-(2016)沪73民初574号
4156236,cn-(2016)沪73民初580号
4156237,cn-(2016)沪73民初584号
4156238,cn-(2016)沪73民初585号
4156239,cn-(2016)沪73民初586号
4156240,cn-(2016)沪73民初775号
4156241,cn-(2016)沪73民初784号
4156242,cn-(2016)沪73民初817号
4156243,cn-(2016)沪73民初882号
4156244,cn-(2016)沪73民初889号
4156250,cn-(2017)沪73民初193号
4156251,cn-(2017)沪73民初6号
4173019,cn-(2017)沪73民终25号
4189125,cn-(2017)沪73民终94号
4193962,cn-(2017)沪73民初278号
4224870,cn-(2016)沪73民初780号_Hearing_IS
4224871,cn-(2016)沪73民初809号_Hearing_IS
4224872,cn-(2017)沪73民初100号_Hearing_IS
4532504,cn-(2017)沪73民初100号
4224873,cn-(2017)沪73民初101号_Hearing_IS
4224874,cn-(2017)沪73民初135号_Hearing_IS
4224875,cn-(2017)沪73民初136号_Hearing_IS
4224876,cn-(2017)沪73民初167号_Hearing_IS
4224877,cn-(2017)沪73民初249号_Hearing_IS
4224878,cn-(2017)沪73民初271号_Hearing_IS
5331672,cn-(2017)沪73民初271号
4224879,cn-(2017)沪73民初276号_Hearing_IS
4224880,cn-(2017)沪73民初288号_Hearing_IS
4224881,cn-(2017)沪73民初299号_Hearing_IS
4224882,cn-(2017)沪73民初301号_Hearing_IS
4224883,cn-(2017)沪73民初304号_Hearing_IS
4224884,cn-(2017)沪73民初321号_Hearing_IS
4224885,cn-(2017)沪73民初322号_Hearing_IS
4224886,cn-(2017)沪73民初324号_Hearing_IS
4224887,cn-(2017)沪73民初351号_Hearing_IS
4224888,cn-(2017)沪73民初352号_Hearing_IS
5331676,cn-(2017)沪73民初352号
4224889,cn-(2017)沪73民初353号_Hearing_IS
5331677,cn-(2017)沪73民初353号
4224890,cn-(2017)沪73民初36号_Hearing_IS
4224891,cn-(2017)沪73民初396号_Hearing_IS
4224892,cn-(2017)沪73民初397号_Hearing_IS
4224893,cn-(2017)沪73民初398号_Hearing_IS
4224894,cn-(2017)沪73民初399号_Hearing_IS
4224895,cn-(2017)沪73民初400号_Hearing_IS
4224896,cn-(2017)沪73民初401号_Hearing_IS
4224897,cn-(2017)沪73民初402号_Hearing_IS
4224898,cn-(2017)沪73民初403号_Hearing_IS
4224899,cn-(2017)沪73民初404号_Hearing_IS
4224900,cn-(2017)沪73民初405号_Hearing_IS
4224901,cn-(2017)沪73民初406号_Hearing_IS
4224902,cn-(2017)沪73民初407号_Hearing_IS
4224903,cn-(2017)沪73民初408号_Hearing_IS
4224904,cn-(2017)沪73民初409号_Hearing_IS
4224905,cn-(2017)沪73民初410号_Hearing_IS
4224906,cn-(2017)沪73民初411号_Hearing_IS
4224907,cn-(2017)沪73民初412号_Hearing_IS
4224908,cn-(2017)沪73民初413号_Hearing_IS
4224909,cn-(2017)沪73民初414号_Hearing_IS
4224910,cn-(2017)沪73民初415号_Hearing_IS
4224911,cn-(2017)沪73民初416号_Hearing_IS
4224912,cn-(2017)沪73民初417号_Hearing_IS
4224913,cn-(2017)沪73民初418号_Hearing_IS
4224914,cn-(2017)沪73民初419号_Hearing_IS
4224915,cn-(2017)沪73民初420号_Hearing_IS
4224916,cn-(2017)沪73民初421号_Hearing_IS
4224917,cn-(2017)沪73民初422号_Hearing_IS
4224918,cn-(2017)沪73民初423号_Hearing_IS
4224919,cn-(2017)沪73民初424号_Hearing_IS
4224920,cn-(2017)沪73民初425号_Hearing_IS
4224921,cn-(2017)沪73民初444号_Hearing_IS
4224922,cn-(2017)沪73民初446号_Hearing_IS
4224923,cn-(2017)沪73民初447号_Hearing_IS
4224924,cn-(2017)沪73民初483号_Hearing_IS
5331678,cn-(2017)沪73民初483号
4224925,cn-(2017)沪73民初495号_Hearing_IS
4224926,cn-(2017)沪73民初502号_Hearing_IS
5331679,cn-(2017)沪73民初502号
4224927,cn-(2017)沪73民初503号_Hearing_IS
5331680,cn-(2017)沪73民初503号
4224928,cn-(2017)沪73民初538号_Hearing_IS
4224929,cn-(2017)沪73民初542号_Hearing_IS
4224930,cn-(2017)沪73民初582号_Hearing_IS
5325185,cn-(2017)沪73民初582号
4224931,cn-(2017)沪73民初60号_Hearing_IS
4224932,cn-(2017)沪73民初781号_Hearing_IS
4224933,cn-(2017)沪73民初79号_Hearing_IS
4224934,cn-(2017)沪73民初81号_Hearing_IS
4224935,cn-(2017)沪73民终246号_Hearing_IS
4224936,cn-(2017)沪73民终260号_Hearing_IS
4224937,cn-(2017)沪73民终261号_Hearing_IS
4224938,cn-(2017)沪73民终262号_Hearing_IS
4224939,cn-(2017)沪73民终263号_Hearing_IS
4224940,cn-(2017)沪73民终264号_Hearing_IS
4224941,cn-(2017)沪73民终265号_Hearing_IS
4224942,cn-(2017)沪73民终266号_Hearing_IS
4224943,cn-(2017)沪73民终267号_Hearing_IS
4224944,cn-(2017)沪73民终268号_Hearing_IS
4224945,cn-(2017)沪73民终285号_Hearing_IS
4577965,cn-(2017)沪73民终285号
4224946,cn-(2017)沪73民终288号_Hearing_IS
4224947,cn-(2017)沪73民终289号_Hearing_IS
4225112,cn-(2017)沪73民终85号
4259986,cn-(2016)沪73民终121号
4309034,cn-(2017)沪73民终187号
4369410,cn-(2015)沪知民终字第304号
4393928,cn-(2016)沪73民初535号
4394200,cn-(2017)沪73民初143号
4394201,cn-(2017)沪73民初144号
4394202,cn-(2017)沪73民终143号
4394203,cn-(2017)沪73民终45号
4527586,cn-(2016)沪73民辖终12号
4527599,cn-(2016)沪73民辖终542号
4532478,cn-(2016)沪73民初831号
4532505,cn-(2017)沪73民初217号
4532506,cn-(2017)沪73民初382号
4532507,cn-(2017)沪73民初51号
4536995,cn-(2017)沪73民终237号
4577949,cn-(2017)沪73民终188号
4577951,cn-(2017)沪73民终190号
4577957,cn-(2017)沪73民终216号
4577962,cn-(2017)沪73民终233号
4577963,cn-(2017)沪73民终244号
4577964,cn-(2017)沪73民终245号
4577966,cn-(2017)沪73民终298号
4577967,cn-(2017)沪73民终306号
4577968,cn-(2017)沪73民辖终380号
4577969,cn-(2017)沪73民辖终400号
4577970,cn-(2017)沪73民辖终403号
4577971,cn-(2017)沪73民辖终405号
4577972,cn-(2017)沪73民辖终437号
4577973,cn-(2017)沪73民辖终590号
4577974,cn-(2017)沪73民辖终591号
4608203,cn-(2017)沪73民终254号
4666265,cn-(2017)沪73民终38号
4699314,cn-(2017)沪73民初89号
4711690,cn-(2017)沪73民终23号
4719939,cn-(2017)沪73民终22号
4774863,cn-(2016)沪73民初772号
4783102,cn-(2015)沪知民初字第643号
4783103,cn-(2015)沪知民初字第645号
4783104,cn-(2015)沪知民初字第735号
4783105,cn-(2015)沪知民初字第737号
4783132,cn-(2016)沪73民初117号
4783133,cn-(2016)沪73民初124号
4783134,cn-(2016)沪73民初873号
4783300,cn-(2017)沪73民初101号
4783301,cn-(2017)沪73民初151号
4783302,cn-(2017)沪73民初155号
4783303,cn-(2017)沪73民初38号
4783304,cn-(2017)沪73民初7号
4783305,cn-(2017)沪73民初9号
4791101,cn-(2016)沪73民初379号
4791102,cn-(2016)沪73民初399号
4791103,cn-(2016)沪73民初549号
4791104,cn-(2016)沪73民初774号
4791105,cn-(2016)沪73民初812号
4791199,cn-(2017)沪73民初189号
4791200,cn-(2017)沪73民初190号
4796035,cn-(2016)沪73民终146号
4809536,cn-(2015)沪知民初字第703号
4809554,cn-(2016)沪73民初759号
4809555,cn-(2016)沪73民初760号
4809556,cn-(2016)沪73民初782号
4809557,cn-(2016)沪73民初783号
4809558,cn-(2016)沪73民初830号
4818446,cn-(2016)沪73民初640号
4818447,cn-(2016)沪73民初641号
4818448,cn-(2016)沪73民初642号
4818449,cn-(2016)沪73民初662号
4818450,cn-(2016)沪73民初663号
4818451,cn-(2016)沪73民初664号
4818452,cn-(2016)沪73民初665号
4818453,cn-(2016)沪73民初686号
4818454,cn-(2016)沪73民初687号
4818455,cn-(2016)沪73民初688号
4818488,cn-(2017)沪73民终293号
4818489,cn-(2017)沪73民终297号
4818490,cn-(2017)沪73民终305号
4818491,cn-(2017)沪73民终309号
4818492,cn-(2017)沪73民终326号
4818493,cn-(2017)沪73民终334号
4818494,cn-(2017)沪73民终336号
4820906,cn-(2017)沪73民初641号_Hearing_IS
4821116,cn-(2017)沪73民初747号_Hearing_IS
4821118,cn-(2017)沪73民初479号_Hearing_IS
4821121,cn-(2017)沪73民初632号_Hearing_IS
4821168,cn-(2018)沪73民终36号_Hearing_IS
4821244,cn-(2017)沪73民初662号_Hearing_IS
4821789,cn-(2017)沪73民初715号_Hearing_IS
4821818,cn-(2017)沪73民初642号_Hearing_IS
4821820,cn-(2017)沪73民初661号_Hearing_IS
4829034,cn-(2017)沪73民终286号
4829035,cn-(2017)沪73民终317号
4829036,cn-(2017)沪73民终329号
4829037,cn-(2017)沪73民终331号
4829140,cn-(2018)沪73民初35号
4829141,cn-(2018)沪73民终27号
4829142,cn-(2018)沪73民辖终34号
4833793,cn-(2016)沪73民终313号
4835933,cn-(2016)沪73民初5号
4836390,cn-(2016)沪73民终264号
4836486,cn-(2017)沪73民初270号
4836487,cn-(2017)沪73民初334号
4836488,cn-(2017)沪73民初335号
4836489,cn-(2017)沪73民初621号
4842560,cn-(2018)沪73民初110号_Hearing_IS
5549528,cn-(2018)沪73民初110号
4842771,cn-(2017)沪73民初331号_Hearing_IS
4843048,cn-(2018)沪73民初111号_Hearing_IS
5549529,cn-(2018)沪73民初111号
4843272,cn-(2017)沪73民初615号_Hearing_IS
4843569,cn-(2016)沪73民初386号
4843866,cn-(2016)沪73民初385号
4843996,cn-(2018)沪73民初7号_Hearing_IS
5547639,cn-(2018)沪73民初7号
4844195,cn-(2015)沪知民初字第311号
4844436,cn-(2018)沪73民初62号_Hearing_IS
4849682,cn-(2018)沪73民初98号_Hearing_IS
4849683,cn-(2017)沪73民初601号_Hearing_IS
4849684,cn-(2017)沪73民初600号_Hearing_IS
4849713,cn-(2018)沪73民初88号_Hearing_IS
4849714,cn-(2018)沪73民初87号_Hearing_IS
4849715,cn-(2017)沪73民初746号_Hearing_IS
4849717,cn-(2018)沪73民终115号_Hearing_IS
4849723,cn-(2017)沪73民初523号_Hearing_IS
4849724,cn-(2016)沪73民初859号_Hearing_IS
4849725,cn-(2017)沪73民初622号_Hearing_IS
4849728,cn-(2017)沪73民初665号_Hearing_IS
4849744,cn-(2017)沪73民初666号_Hearing_IS
4849745,cn-(2018)沪73民初58号_Complaint_IS
5548439,cn-(2017)沪73民初325号
4855185,cn-(2018)沪73民终23号_Hearing_IS
4858213,cn-(2018)沪73民终141号_Hearing_IS
5549532,cn-(2018)沪73民终141号
4858225,cn-(2018)沪73民初96号_Hearing_IS
5547642,cn-(2018)沪73民初96号
4858235,cn-(2018)沪73民初46号_Hearing_IS
5649140,cn-(2018)沪73民初46号
4858236,cn-(2018)沪73民初13号_Hearing_IS
4858237,cn-(2018)沪73民初9号_Hearing_IS
4858242,cn-(2017)沪73民初581号_Hearing_IS
4858289,cn-(2017)沪73民初348号_Hearing_IS
5548442,cn-(2017)沪73民初348号
4858350,cn-(2017)沪73民初737号_Hearing_IS
4858351,cn-(2017)沪73民初649号_Hearing_IS
4865864,cn-(2018)沪73民终64号_Hearing_IS
5549576,cn-(2018)沪73民终64号
4866653,cn-(2018)沪73民终42号_Hearing_IS
4868121,cn-(2017)沪73民初312号
4871267,cn-(2018)沪73民终43号_Hearing_IS
4871328,cn-(2018)沪73民终41号_Hearing_IS
4871360,cn-(2018)沪73民初34号_Hearing_IS
5549531,cn-(2018)沪73民初34号
4871404,cn-(2018)沪73民初130号_Hearing_IS
4871443,cn-(2016)沪73民初901号_Hearing_IS
5546708,cn-(2016)沪73民初901号
4871476,cn-(2018)沪73民初117号_Hearing_IS
4871490,cn-(2017)沪73民终275号_Hearing_IS
4871592,cn-(2018)沪73民初118号_Hearing_IS
5547630,cn-(2018)沪73民初118号
4871625,cn-(2017)沪73民终274号_Hearing_IS
4873852,cn-(2018)沪73民终67号_Hearing_IS
4873892,cn-(2018)沪73民终70号_Hearing_IS
4873910,cn-(2018)沪73民终79号
4873928,cn-(2018)沪73民终140号_Hearing_IS
4873941,cn-(2018)沪73民初200号_Hearing_IS
4873954,cn-(2018)沪73民初143号_Hearing_IS
5549530,cn-(2018)沪73民初143号
4874009,cn-(2017)沪73民初640号_Hearing_IS
4874342,cn-(2018)沪73民初191号_Hearing_IS
5547633,cn-(2018)沪73民初191号
4874345,cn-(2017)沪73民初506号_Hearing_IS
4874576,cn-(2018)沪73民初119号_Hearing_IS
4874613,cn-(2017)沪73民初651号_Hearing_IS
4874630,cn-(2018)沪73民终162号_Hearing_IS
4874636,cn-(2018)沪73民终45号_Hearing_IS
4874688,cn-(2018)沪73民初163号_Hearing_IS
4874702,cn-(2017)沪73民初683号_Hearing_IS
4874733,cn-(2017)沪73民初438号_Hearing_IS
4879980,cn-(2018)沪73民初173号_Hearing_IS
4879988,cn-(2018)沪73民初215号_Hearing_IS
4879996,cn-(2018)沪73民初40号_Hearing_IS
4880013,cn-(2018)沪73民初181号_Hearing_IS
4880037,cn-(2018)沪73民初179号_Hearing_IS
4880309,cn-(2017)沪73民初531号
4880310,cn-(2017)沪73民辖终818号
4880399,cn-(2018)沪73民初42号_Hearing_IS
4882079,cn-(2015)沪知民初字第640号
4909548,cn-(2017)沪73民终203号
4911031,cn-(2016)沪73民终34号
4933257,cn-(2017)沪73民终307号
4947016,cn-(2017)沪73民终54号
4959784,cn-(2017)沪73民辖终39号
4961862,cn-(2017)沪73民初106号
4961863,cn-(2017)沪73民初107号
4961864,cn-(2017)沪73民初637号
4961865,cn-(2017)沪73民终145号
4961866,cn-(2017)沪73民辖终813号
4961867,cn-(2017)沪73民辖终814号
4961868,cn-(2017)沪73民辖终815号
4961869,cn-(2017)沪73民辖终816号
4961870,cn-(2017)沪73民辖终817号
4961871,cn-(2017)沪73民辖终819号
4961872,cn-(2017)沪73民辖终820号
4961873,cn-(2017)沪73民辖终821号
4963012,cn-(2018)沪73民初75号
4963013,cn-(2018)沪73民初76号
4963014,cn-(2018)沪73民初77号
4963015,cn-(2018)沪73民辖终17号
4963016,cn-(2018)沪73民辖终18号
4963017,cn-(2018)沪73民辖终21号
4963018,cn-(2018)沪73民辖终23号
4963019,cn-(2018)沪73民辖终29号
4963020,cn-(2018)沪73民辖终2号
4963021,cn-(2018)沪73民辖终32号
4963022,cn-(2018)沪73民辖终33号
4963023,cn-(2018)沪73民辖终3号
4963024,cn-(2018)沪73民辖终4号
4963025,cn-(2018)沪73民辖终5号
4963026,cn-(2018)沪73民辖终6号
4963027,cn-(2018)沪73民辖终7号
4963028,cn-(2018)沪73民辖终8号
4963029,cn-(2018)沪73民辖终9号
4966217,cn-(2018)沪73民初159号
4966218,cn-(2018)沪73民初160号
4966219,cn-(2018)沪73民辖终54号
4975018,cn-(2018)沪73民终151号_Hearing_IS
4975022,cn-(2017)沪73民初494号_Hearing_IS
4980015,cn-(2017)沪73民初17号
4981206,cn-(2018)沪73民终219号_Hearing_IS
4981213,cn-(2018)沪73民初251号_Hearing_IS
4981226,cn-(2018)沪73民初250号_Hearing_IS
4981228,cn-(2017)沪73民初316号_Hearing_IS
4981933,cn-(2017)沪73民初315号_Hearing_IS
4982041,cn-(2018)沪73民终78号_Hearing_IS
4982067,cn-(2018)沪73民终72号_Hearing_IS
4982182,cn-(2018)沪73民终73号_Hearing_IS
5022163,cn-(2017)沪73民初390号
5022164,cn-(2017)沪73民初572号
5022165,cn-(2017)沪73民终289号
5022167,cn-(2017)沪73民终340号
5086371,cn-(2017)沪73民初356号
5086372,cn-(2017)沪73民初364号
5086373,cn-(2017)沪73民初365号
5086374,cn-(2017)沪73民初366号
5086375,cn-(2017)沪73民初367号
5086376,cn-(2017)沪73民初441号
5086377,cn-(2017)沪73民初443号
5086378,cn-(2017)沪73民初576号
5086379,cn-(2017)沪73民初577号
5086380,cn-(2017)沪73民初627号
5086381,cn-(2017)沪73民初65号
5086382,cn-(2017)沪73民初66号
5086383,cn-(2017)沪73民初67号
5086384,cn-(2017)沪73民初68号
5086385,cn-(2017)沪73民初84号
5086386,cn-(2018)沪73民初10号
5091262,cn-(2016)沪73民初841号
5101734,cn-(2015)沪知民终字第399号之一
5101790,cn-(2017)沪73民初180号
5101791,cn-(2017)沪73民初623号
5102421,cn-(2018)沪73民终39号
5106404,cn-(2017)沪73民终299号
5110850,cn-(2018)沪73民初154号
5110851,cn-(2018)沪73民初155号
5110852,cn-(2018)沪73民初156号
5110853,cn-(2018)沪73民初157号
5110854,cn-(2018)沪73民初244号
5110856,cn-(2018)沪73民初97号
5110857,cn-(2018)沪73民终131号
5110858,cn-(2018)沪73民终133号
5110860,cn-(2018)沪73民终134号
5110861,cn-(2018)沪73民终135号
5110863,cn-(2018)沪73民终13号
5110864,cn-(2018)沪73民终33号
5110865,cn-(2018)沪73民终55号
5110866,cn-(2018)沪73民终71号
5110867,cn-(2018)沪73民辖终26号
5110869,cn-(2018)沪73民辖终39号
5110870,cn-(2018)沪73民辖终59号
5110871,cn-(2018)沪73民辖终67号
5110872,cn-(2018)沪73民辖终68号
5110873,cn-(2018)沪73民辖终69号
5110874,cn-(2018)沪73民辖终70号
5110875,cn-(2018)沪73民辖终71号
5110876,cn-(2018)沪73民辖终72号
5110877,cn-(2018)沪73民辖终73号
5110878,cn-(2018)沪73民辖终74号
5157545,cn-(2017)沪73民初14号
5157546,cn-(2017)沪73民初340号
5157547,cn-(2017)沪73民初341号
5157548,cn-(2017)沪73民初442号
5157549,cn-(2017)沪73民初546号
5157550,cn-(2017)沪73民初591号
5157551,cn-(2017)沪73民初592号
5157552,cn-(2017)沪73民初61号
5157553,cn-(2017)沪73民初62号
5157554,cn-(2017)沪73民初63号
5157555,cn-(2017)沪73民终280号
5194383,cn-(2018)沪73民初305号_Hearing_IS
5194471,cn-(2018)沪73民初335号_Hearing_IS
5194520,cn-(2018)沪73民初306号_Hearing_IS
5194529,cn-(2018)沪73民初231号_Hearing_IS
5194540,cn-(2018)沪73民初12号_Hearing_IS
5196715,cn-(2018)沪73民初342号_Hearing_IS
5196811,cn-(2018)沪73民初341号_Hearing_IS
5196898,cn-(2018)沪73民初340号_Hearing_IS
5196925,cn-(2018)沪73民初153号_Hearing_IS
5209552,cn-(2015)沪知民终字第399号
5209670,cn-(2018)沪73民终216号
5209671,cn-(2018)沪73民终77号
5209672,cn-(2018)沪73民辖终111号
5209673,cn-(2018)沪73民辖终114号
5209675,cn-(2018)沪73民辖终116号
5209676,cn-(2018)沪73民辖终119号
5209677,cn-(2018)沪73民辖终127号
5209678,cn-(2018)沪73民辖终128号
5209679,cn-(2018)沪73民辖终130号
5209681,cn-(2018)沪73民辖终134号
5209700,cn-(2018)沪03刑终14号
5209701,cn-(2018)沪03刑终4号
5209702,cn-(2018)沪03刑终6号
5209703,cn-(2018)沪03刑终9号
5209710,cn-(2018)沪73民辖终87号
5212395,cn-(2017)沪73民终337号
5213348,cn-(2018)沪73民初167号
5213349,cn-(2018)沪73民初168号
5213350,cn-(2018)沪73民初89号
5213351,cn-(2018)沪73民初90号
5213352,cn-(2018)沪73民初91号
5213353,cn-(2018)沪73民初92号
5220709,cn-(2017)沪73民初204号
5220711,cn-(2017)沪73民初205号
5220713,cn-(2017)沪73民初339号
5220714,cn-(2017)沪73民初701号
5220716,cn-(2017)沪73民终282号
5220865,cn-(2018)沪73民终12号
5220866,cn-(2018)沪73民终139号
5220867,cn-(2018)沪73民终14号
5220868,cn-(2018)沪73民终161号
5220869,cn-(2018)沪73民终16号
5220870,cn-(2018)沪73民终212号
5220871,cn-(2018)沪73民终57号
5220872,cn-(2018)沪73民终58号
5220873,cn-(2018)沪73民终59号
5220874,cn-(2018)沪73民终60号
5220875,cn-(2018)沪73民终61号
5220876,cn-(2018)沪73民终7号
5220877,cn-(2018)沪73民辖终121号
5220878,cn-(2018)沪73民辖终122号
5220879,cn-(2018)沪73民辖终126号
5220880,cn-(2018)沪73民辖终131号
5220881,cn-(2018)沪73民辖终135号
5220883,cn-(2018)沪73民辖终57号
5231307,cn-(2018)沪73民初309号_Hearing_IS
5231310,cn-(2018)沪73民初308号_Hearing_IS
5231312,cn-(2018)沪73民初396号_Hearing_IS
5231313,cn-(2018)沪73民终252号_Hearing_IS
5549534,cn-(2018)沪73民终252号
5231316,cn-(2018)沪73民初397号_Hearing_IS
5231318,cn-(2017)沪73民初56号_Hearing_IS
5231320,cn-(2018)沪73民初129号_Hearing_IS
5547631,cn-(2018)沪73民初129号
5231323,cn-(2018)沪73民辖终178号_Hearing_IS
5231329,cn-(2017)沪73民初657号_Hearing_IS
5231366,cn-(2018)沪73民初386号_Hearing_IS
5232243,cn-(2017)沪73民初478号_Hearing_IS
5232249,cn-(2018)沪73民初71号_Hearing_IS
5253767,cn-(2018)沪73民初100号
5253768,cn-(2018)沪73民初104号
5253769,cn-(2018)沪73民初107号
5253770,cn-(2018)沪73民初108号
5253771,cn-(2018)沪73民初109号
5253772,cn-(2018)沪73民初11号
5253774,cn-(2018)沪73民初147号
5253775,cn-(2018)沪73民初149号
5253776,cn-(2018)沪73民初158号
5253777,cn-(2018)沪73民初161号
5253778,cn-(2018)沪73民初164号
5253779,cn-(2018)沪73民初193号
5253780,cn-(2018)沪73民初281号
5253781,cn-(2018)沪73民终19号
5253782,cn-(2018)沪73民终53号
5253783,cn-(2018)沪73民终6号
5253784,cn-(2018)沪73民终83号
5253785,cn-(2018)沪73民终84号
5253787,cn-(2018)沪73民终87号
5253788,cn-(2018)沪73民终90号
5253789,cn-(2018)沪73民终91号
5253790,cn-(2018)沪73民终92号
5253791,cn-(2018)沪73民终92号之一
5255425,cn-(2018)沪73民终100号
5255426,cn-(2018)沪73民终101号
5255427,cn-(2018)沪73民终102号
5255428,cn-(2018)沪73民终107号
5255429,cn-(2018)沪73民终124号
5255430,cn-(2018)沪73民终125号
5255432,cn-(2018)沪73民终126号
5255433,cn-(2018)沪73民终128号
5255434,cn-(2018)沪73民终129号
5255435,cn-(2018)沪73民终136号
5255436,cn-(2018)沪73民终137号
5255437,cn-(2018)沪73民终138号
5255439,cn-(2018)沪73民终95号
5255440,cn-(2018)沪73民终98号
5255441,cn-(2018)沪73民终99号
5255442,cn-(2018)沪73民辖终41号
5255443,cn-(2018)沪73民辖终58号
5255444,cn-(2018)沪73民辖终63号
5255445,cn-(2018)沪73民辖终64号
5255446,cn-(2018)沪73民辖终65号
5255447,cn-(2018)沪73民辖终85号
5270325,cn-(2018)沪73民初162号
5325186,cn-(2018)沪73民初194号
5325187,cn-(2018)沪73民初195号
5325188,cn-(2018)沪73民初196号
5325189,cn-(2018)沪73民初43号
5327903,cn-(2018)沪73民初513号
5327904,cn-(2018)沪73民初514号
5327905,cn-(2018)沪73民终20号
5327907,cn-(2018)沪73民终250号
5327908,cn-(2018)沪73民辖终149号
5327910,cn-(2018)沪73民辖终150号
5327911,cn-(2018)沪73民辖终155号
5327948,cn-(2018)沪73民辖终151号
5327949,cn-(2018)沪73民辖终152号
5327950,cn-(2018)沪73民辖终153号
5327952,cn-(2018)沪73民辖终154号
5328000,cn-(2018)沪73民初190号
5328001,cn-(2018)沪73民初192号
5328002,cn-(2018)沪73民初204号
5328003,cn-(2018)沪73民初283号
5328004,cn-(2018)沪73民初6号
5328568,cn-(2016)沪73民初597号
5328570,cn-(2016)沪73民初598号
5328571,cn-(2016)沪73民初599号
5328572,cn-(2016)沪73民初600号
5328573,cn-(2016)沪73民初601号
5328574,cn-(2016)沪73民初602号
5328576,cn-(2016)沪73民初603号
5328577,cn-(2016)沪73民初604号
5328578,cn-(2016)沪73民初605号
5328579,cn-(2016)沪73民初606号
5328580,cn-(2016)沪73民初608号
5328582,cn-(2016)沪73民初609号
5328583,cn-(2016)沪73民初612号
5328584,cn-(2016)沪73民初613号
5328585,cn-(2016)沪73民初614号
5328586,cn-(2016)沪73民初615号
5328588,cn-(2016)沪73民初616号
5328589,cn-(2016)沪73民初620号
5328591,cn-(2016)沪73民初622号
5328592,cn-(2016)沪73民初623号
5328593,cn-(2016)沪73民初624号
5328595,cn-(2016)沪73民初625号
5328597,cn-(2016)沪73民初626号
5328598,cn-(2016)沪73民初627号
5328599,cn-(2016)沪73民初628号
5328600,cn-(2016)沪73民初629号
5328602,cn-(2016)沪73民初630号
5328603,cn-(2016)沪73民初631号
5328604,cn-(2016)沪73民初632号
5328605,cn-(2016)沪73民初633号
5328606,cn-(2016)沪73民初634号
5328608,cn-(2016)沪73民初635号
5328609,cn-(2016)沪73民初636号
5328610,cn-(2016)沪73民初637号
5328611,cn-(2016)沪73民初638号
5328612,cn-(2016)沪73民初639号
5331666,cn-(2016)沪73民初357号
5331667,cn-(2016)沪73民初359号
5331668,cn-(2016)沪73民初360号
5331671,cn-(2017)沪73民初22号
5331673,cn-(2017)沪73民初277号
5331674,cn-(2017)沪73民初338号
5331681,cn-(2017)沪73民初512号
5331683,cn-(2017)沪73民初629号
5331684,cn-(2017)沪73民初714号
5331685,cn-(2017)沪73民初748号
5332163,cn-(2017)沪73民初172号
5348894,cn-上海知识产权法院-达索-同捷_order_IS
5360155,cn-(2018)沪73民初102号
5360156,cn-(2018)沪73民终130号
5360157,cn-(2018)沪73民终88号
5360158,cn-(2018)沪73民辖终35号
5360160,cn-(2018)沪73民辖终36号
5364000,cn-(2017)沪73民终209号
5364004,cn-(2017)沪73民终243号
5364529,cn-(2017)沪73民初80号
5370992,cn-(2016)沪73民初897号
5370993,cn-(2016)沪73民初898号
5370994,cn-(2016)沪73民初899号
5370995,cn-(2016)沪73民终330号
5377324,cn-上海知识产权法院-Fractus  Vectis IP-Oppo_Complaint_IS
5382362,cn-(2017)沪73民初281号
5382363,cn-(2017)沪73民初286号
5382364,cn-(2017)沪73民初358号
5382365,cn-(2017)沪73民初359号
5382366,cn-(2017)沪73民初360号
5382367,cn-(2017)沪73民初361号
5382368,cn-(2017)沪73民初362号
5382369,cn-(2017)沪73民初363号
5382396,cn-(2018)沪73民初103号
5382397,cn-(2018)沪73民初105号
5382398,cn-(2018)沪73民初123号
5382399,cn-(2018)沪73民初148号
5382400,cn-(2018)沪73民初165号
5382401,cn-(2018)沪73民初166号
5382402,cn-(2018)沪73民初22号
5382403,cn-(2018)沪73民初23号
5382404,cn-(2018)沪73民初512号
5382405,cn-(2018)沪73民初79号
5382406,cn-(2018)沪73民初80号
5382407,cn-(2018)沪73民终274号
5389385,cn-(2017)沪73民初655号
5389386,cn-(2017)沪73民初740号
5389387,cn-(2017)沪73民初741号
5389388,cn-(2017)沪73民初742号
5389389,cn-(2017)沪73民初744号
5389390,cn-(2017)沪73民初745号
5389391,cn-(2017)沪73民终315号
5389478,cn-(2018)沪73民终11号
5389479,cn-(2018)沪73民终152号
5389480,cn-(2018)沪73民终153号
5389481,cn-(2018)沪73民终165号
5389482,cn-(2018)沪73民终175号
5389483,cn-(2018)沪73民终176号
5389484,cn-(2018)沪73民终177号
5389485,cn-(2018)沪73民终178号
5389486,cn-(2018)沪73民终179号
5389487,cn-(2018)沪73民终181号
5389488,cn-(2018)沪73民终182号
5389489,cn-(2018)沪73民终183号
5389490,cn-(2018)沪73民终184号
5389491,cn-(2018)沪73民终185号
5389492,cn-(2018)沪73民终207号
5389493,cn-(2018)沪73民终223号
5389494,cn-(2018)沪73民终224号
5389495,cn-(2018)沪73民辖终115号
5389496,cn-(2018)沪73民辖终161号
5484727,cn-(2016)沪73民辖终553号
5486994,cn-(2018)沪73民终15号
5545843,cn-(2018)沪73民终31号
5545844,cn-(2018)沪73民辖终193号
5545845,cn-(2018)沪73民辖终270号
5545846,cn-(2018)沪73民辖终272号
5545847,cn-(2018)沪73民辖终273号
5545889,cn-(2018)沪73民终275号
5545890,cn-(2018)沪73民终277号
5545892,cn-(2018)沪73民终278号
5545893,cn-(2018)沪73民终279号
5545904,cn-(2018)沪73民辖终117号
5545905,cn-(2018)沪73民辖终168号
5545906,cn-(2018)沪73民辖终60号
5546715,cn-(2017)沪73民初391号
5546716,cn-(2017)沪73民初610号
5546717,cn-(2017)沪73民初611号
5546718,cn-(2017)沪73民初612号
5546720,cn-(2017)沪73民初636号
5546738,cn-(2018)沪73民初146号
5546739,cn-(2018)沪73民初282号
5546740,cn-(2018)沪73民初494号
5546741,cn-(2018)沪73民辖终216号
5546859,cn-(2016)沪73民初765号
5547583,cn-(2016)沪73民初818号
5547584,cn-(2016)沪73民初819号
5547585,cn-(2016)沪73民初820号
5547586,cn-(2016)沪73民初821号
5547587,cn-(2016)沪73民初822号
5547588,cn-(2016)沪73民初823号
5547599,cn-(2017)沪73民初491号
5547601,cn-(2017)沪73民初544号
5547629,cn-(2018)沪73民初116号
5547635,cn-(2018)沪73民初19号
5547636,cn-(2018)沪73民初20号
5547638,cn-(2018)沪73民初21号
5547643,cn-(2018)沪73民终218号
5547645,cn-(2018)沪73民终235号
5547647,cn-(2018)沪73民终257号
5547653,cn-(2018)沪73民终312号
5547655,cn-(2018)沪73民终313号
5547656,cn-(2018)沪73民终314号
5547658,cn-(2018)沪73民终369号
5547659,cn-(2018)沪73民终370号
5547761,cn-(2017)沪73民初471号
5547764,cn-(2017)沪73民初472号
5547766,cn-(2017)沪73民初566号
5548466,cn-(2018)沪73民初101号
5548468,cn-(2018)沪73民终217号
5548470,cn-(2018)沪73民辖终271号
5548471,cn-(2018)沪73民辖终284号
5548491,cn-(2018)沪73民初536号
5549466,cn-(2017)沪73民初305号
5549467,cn-(2017)沪73民初468号
5549535,cn-(2018)沪73民终351号
5549536,cn-(2018)沪73民终37号
5549537,cn-(2018)沪73民辖终174号
5549538,cn-(2018)沪73民辖终202号
5549539,cn-(2018)沪73民辖终209号
5549540,cn-(2018)沪73民辖终210号
5549541,cn-(2018)沪73民辖终211号
5549543,cn-(2018)沪73民辖终212号
5549544,cn-(2018)沪73民辖终213号
5549545,cn-(2018)沪73民辖终218号
5549546,cn-(2018)沪73民辖终219号
5549547,cn-(2018)沪73民辖终224号
5549563,cn-(2017)沪73民初171号
5549574,cn-(2018)沪73民初339号
5549575,cn-(2018)沪73民终222号
5549577,cn-(2018)沪73民辖终195号
5549578,cn-(2018)沪73民辖终220号
5585002,cn-(2017)沪73民终287号
5585190,cn-(2018)沪73民终227号
5585192,cn-(2018)沪73民终263号
5585194,cn-(2018)沪73民终297号
5585197,cn-(2018)沪73民终38号
5585198,cn-(2018)沪73民辖终201号
5585199,cn-(2018)沪73民辖终264号
5586436,cn-(2018)沪73民终42号
5586437,cn-(2018)沪73民终43号
5601582,cn-(2016)沪73民初618号之一
5601583,cn-(2016)沪73民初619号之一
5601619,cn-(2017)沪73民初121号之一
5601620,cn-(2017)沪73民初122号之一
5601621,cn-(2017)沪73民初131号之一
5601622,cn-(2017)沪73民初230号之一
5601623,cn-(2017)沪73民初362号之一
5601624,cn-(2017)沪73民初363号之一
5639143,cn-(2015)沪知民初字第746号之一
5639146,cn-(2016)沪73民初617号之一
5639166,cn-(2017)沪73民初159号之一
5639167,cn-(2017)沪73民初159号之二
5647360,cn-(2017)沪73民初172号之一
5647361,cn-(2017)沪73民初351号
5647362,cn-(2017)沪73民初512号之一
5647363,cn-(2017)沪73民初523号之一
5647364,cn-(2017)沪73民初748号之二
5648809,cn-(2018)沪73民初117号
5648810,cn-(2018)沪73民初119号
5648811,cn-(2018)沪73民初189号
5648812,cn-(2018)沪73民初192号之一
5648813,cn-(2018)沪73民辖终196号
5648814,cn-(2018)沪73民初22号之一
5648815,cn-(2018)沪73民初23号之一
5648816,cn-(2018)沪73民初43号之一
5648817,cn-(2018)沪73民初75号之一
5648818,cn-(2018)沪73民初76号之一
5648819,cn-(2018)沪73民初76号之二
5648820,cn-(2018)沪73民初77号之一
5648821,cn-(2018)沪73民初77号之二
5649064,cn-(2016)沪73民初850号
5649069,cn-(2017)沪73民初257号
5649070,cn-(2017)沪73民终67号
5649138,cn-(2018)沪73民初326号
5649139,cn-(2018)沪73民初425号
5649141,cn-(2018)沪73民终171号
5649142,cn-(2018)沪73民终349号
5665750,cn-(2018)沪73民初124号
5668576,cn-上海知识产权法院-Fractus Vectis IP-维沃移动通信_Complaint_IS
5674125,cn-(2018)沪73民初831号
5794440,cn-(2016)沪73民初699号
5798888,cn-(2017)沪73民初666号
5799101,cn-(2017)沪73民初175号
5799102,cn-(2017)沪73民初176号
5799103,cn-(2017)沪73民初182号
5799104,cn-(2017)沪73民初183号
5799105,cn-(2017)沪73民初184号
5799106,cn-(2017)沪73民初185号
5799107,cn-(2017)沪73民初186号
5799108,cn-(2017)沪73民初64号
5799328,cn-(2016)沪73民初451号
